Name,Inducted,By,Category,Votes,% of Ballots,Yrs.x,From.x,To.x,ASG.x,Batting_WAR,G.x,PA,AB,R.x,H.x,2B,3B,HR.x,RBI,SB,CS,BB.x,SO.x,IBB.x,GDP,SF,SH,BA,OBP,SLG,OPS,Yrs.y,From.y,To.y,ASG.y,Pitching_WAR,W,L,W-L%,ERA,G.y,GS,GF,CG,SHO,SV,IP,H.y,R.y,ER,HR.y,BB.y,IBB.y,SO.y,HBP,BK,WP,BF
Addie Joss,1978,Veterans,Player,NA,NA,9,1902,1910,0,-2.2,296,911,817,46,118,21,6,1,51,10,NA,54,297,NA,NA,NA,39,0.144,0.198,0.188,0.387,9,1902,1910,0,45.88,160,97,0.623,1.89,286,260,22,234,45,5,2327,1888,730,488,19,364,NA,920,58,1,28,8891
Al Kaline,1980,BBWAA,Player,340,88.3%,22,1953,1974,18,92.5,2834,11596,10116,1622,3007,498,75,399,1582,137,65,1277,1020,131,271,104,45,0.297,0.376,0.48,0.855,NA,NA,NA,NA,NA,NA,NA,NA,NA,NA,NA,NA,NA,NA,NA,NA,NA,NA,NA,NA,NA,NA,NA,NA,NA,NA,NA
Al Simmons,1953,BBWAA,Player,199,75.4%,20,1924,1944,3,68.7,2215,9519,8759,1507,2927,539,149,307,1828,88,65,615,737,NA,23,NA,111,0.334,0.38,0.535,0.915,NA,NA,NA,NA,NA,NA,NA,NA,NA,NA,NA,NA,NA,NA,NA,NA,NA,NA,NA,NA,NA,NA,NA,NA,NA,NA,NA
Alan Trammell,2018,Veterans,Player,NA,NA,20,1977,1996,6,70.4,2293,9376,8288,1231,2365,412,55,185,1003,236,109,850,874,48,156,76,124,0.285,0.352,0.415,0.767,NA,NA,NA,NA,NA,NA,NA,NA,NA,NA,NA,NA,NA,NA,NA,NA,NA,NA,NA,NA,NA,NA,NA,NA,NA,NA,NA
Amos Rusie,1977,Veterans,Player,NA,NA,10,1889,1901,0,0.9,487,1765,1730,209,429,42,29,8,176,25,NA,27,186,NA,NA,NA,2,0.248,0.262,0.32,0.582,10,1889,1901,0,68.44,246,174,0.586,3.07,463,427,35,393,30,5,3778.2,3389,2068,1288,75,1707,NA,1950,112,1,153,16313
Andre Dawson,2010,BBWAA,Player,420,77.9%,21,1976,1996,8,64.5,2627,10769,9927,1373,2774,503,98,438,1591,314,109,589,1509,143,217,118,24,0.279,0.323,0.482,0.806,NA,NA,NA,NA,NA,NA,NA,NA,NA,NA,NA,NA,NA,NA,NA,NA,NA,NA,NA,NA,NA,NA,NA,NA,NA,NA,NA
Andy Cooper,2006,Negro League,Player,NA,NA,NA,NA,NA,NA,NA,NA,NA,NA,NA,NA,NA,NA,NA,NA,NA,NA,NA,NA,NA,NA,NA,NA,NA,NA,NA,NA,NA,NA,NA,NA,NA,NA,NA,NA,NA,NA,NA,NA,NA,NA,NA,NA,NA,NA,NA,NA,NA,NA,NA,NA,NA,NA,NA
Arky Vaughan,1985,Veterans,Player,NA,NA,14,1932,1948,9,72.9,1817,7722,6622,1173,2103,356,128,96,926,118,NA,937,276,NA,70,NA,116,0.318,0.406,0.453,0.859,NA,NA,NA,NA,NA,NA,NA,NA,NA,NA,NA,NA,NA,NA,NA,NA,NA,NA,NA,NA,NA,NA,NA,NA,NA,NA,NA
Babe Ruth,1936,BBWAA,Player,215,95.1%,22,1914,1935,2,163.1,2503,10623,8399,2174,2873,506,136,714,2214,123,117,2062,1330,NA,2,NA,113,0.342,0.474,0.69,1.164,22,1914,1935,2,20.59,94,46,0.671,2.28,163,147,12,107,17,4,1221.1,974,400,309,10,441,NA,488,29,4,25,4896
Barry Larkin,2012,BBWAA,Player,495,86.4%,19,1986,2004,12,70.2,2180,9057,7937,1329,2340,441,76,198,960,379,77,939,817,66,178,67,59,0.295,0.371,0.444,0.815,NA,NA,NA,NA,NA,NA,NA,NA,NA,NA,NA,NA,NA,NA,NA,NA,NA,NA,NA,NA,NA,NA,NA,NA,NA,NA,NA
Ben Taylor,2006,Negro League,Player,NA,NA,NA,NA,NA,NA,NA,NA,NA,NA,NA,NA,NA,NA,NA,NA,NA,NA,NA,NA,NA,NA,NA,NA,NA,NA,NA,NA,NA,NA,NA,NA,NA,NA,NA,NA,NA,NA,NA,NA,NA,NA,NA,NA,NA,NA,NA,NA,NA,NA,NA,NA,NA,NA,NA
Bert Blyleven,2011,BBWAA,Player,463,79.7%,22,1970,1992,2,-1.2,218,514,451,19,59,7,0,0,25,0,0,5,193,0,4,0,56,0.131,0.144,0.146,0.29,22,1970,1992,2,96.49,287,250,0.534,3.31,692,685,3,242,60,0,4970,4632,2029,1830,430,1322,71,3701,155,19,114,20491
Bid McPhee,2000,Veterans,Player,NA,NA,18,1882,1899,0,52.4,2138,9429,8304,1684,2258,303,189,53,1072,568,NA,982,377,NA,NA,NA,56,0.272,0.355,0.373,0.728,NA,NA,NA,NA,NA,NA,NA,NA,NA,NA,NA,NA,NA,NA,NA,NA,NA,NA,NA,NA,NA,NA,NA,NA,NA,NA,NA
Bill Dickey,1954,BBWAA,Player,202,80.2%,17,1928,1946,11,55.8,1789,7065,6300,930,1969,343,72,202,1209,36,32,678,289,NA,49,NA,51,0.313,0.382,0.486,0.868,NA,NA,NA,NA,NA,NA,NA,NA,NA,NA,NA,NA,NA,NA,NA,NA,NA,NA,NA,NA,NA,NA,NA,NA,NA,NA,NA
Bill Foster,1996,Veterans,Player,NA,NA,NA,NA,NA,NA,NA,NA,NA,NA,NA,NA,NA,NA,NA,NA,NA,NA,NA,NA,NA,NA,NA,NA,NA,NA,NA,NA,NA,NA,NA,NA,NA,NA,NA,NA,NA,NA,NA,NA,NA,NA,NA,NA,NA,NA,NA,NA,NA,NA,NA,NA,NA,NA,NA
Bill Mazeroski,2001,Veterans,Player,NA,NA,17,1956,1972,10,36.2,2163,8379,7755,769,2016,294,62,138,853,27,23,447,706,110,194,70,87,0.26,0.299,0.367,0.667,NA,NA,NA,NA,NA,NA,NA,NA,NA,NA,NA,NA,NA,NA,NA,NA,NA,NA,NA,NA,NA,NA,NA,NA,NA,NA,NA
Bill Terry,1954,BBWAA,Player,195,77.4%,14,1923,1936,3,54.2,1721,7108,6428,1120,2193,373,112,154,1078,56,6,537,449,NA,38,NA,137,0.341,0.393,0.506,0.899,NA,NA,NA,NA,NA,NA,NA,NA,NA,NA,NA,NA,NA,NA,NA,NA,NA,NA,NA,NA,NA,NA,NA,NA,NA,NA,NA
Billy Hamilton,1961,Veterans,Player,NA,NA,14,1888,1901,0,63.3,1594,7608,6283,1697,2164,242,95,40,742,914,NA,1189,362,NA,NA,NA,47,0.344,0.455,0.432,0.888,NA,NA,NA,NA,NA,NA,NA,NA,NA,NA,NA,NA,NA,NA,NA,NA,NA,NA,NA,NA,NA,NA,NA,NA,NA,NA,NA
Billy Herman,1975,Veterans,Player,NA,NA,15,1931,1947,10,54.7,1922,8638,7707,1163,2345,486,82,47,839,67,NA,737,428,NA,191,NA,171,0.304,0.367,0.407,0.774,NA,NA,NA,NA,NA,NA,NA,NA,NA,NA,NA,NA,NA,NA,NA,NA,NA,NA,NA,NA,NA,NA,NA,NA,NA,NA,NA
Billy Williams,1987,BBWAA,Player,354,85.7%,18,1959,1976,6,63.6,2488,10519,9350,1410,2711,434,88,426,1475,90,49,1045,1046,182,200,73,8,0.29,0.361,0.492,0.853,NA,NA,NA,NA,NA,NA,NA,NA,NA,NA,NA,NA,NA,NA,NA,NA,NA,NA,NA,NA,NA,NA,NA,NA,NA,NA,NA
Biz Mackey,2006,Negro League,Player,NA,NA,NA,NA,NA,NA,NA,NA,NA,NA,NA,NA,NA,NA,NA,NA,NA,NA,NA,NA,NA,NA,NA,NA,NA,NA,NA,NA,NA,NA,NA,NA,NA,NA,NA,NA,NA,NA,NA,NA,NA,NA,NA,NA,NA,NA,NA,NA,NA,NA,NA,NA,NA,NA,NA
Bob Feller,1962,BBWAA,Player,150,93.8%,18,1936,1956,8,-1.7,570,1483,1282,99,193,28,13,8,99,1,2,100,505,0,15,0,100,0.151,0.214,0.211,0.425,18,1936,1956,8,65.24,266,162,0.621,3.25,570,484,52,279,44,22,3827,3271,1557,1384,224,1764,6,2581,60,13,69,16180
Bob Gibson,1981,BBWAA,Player,337,84.0%,17,1959,1975,9,8,596,1489,1328,132,274,44,5,24,144,13,10,63,415,0,13,18,72,0.206,0.243,0.301,0.545,17,1959,1975,9,81.93,251,174,0.591,2.91,528,482,21,255,56,6,3884.1,3279,1420,1258,257,1336,118,3117,102,13,108,16068
Bob Lemon,1976,BBWAA,Player,305,78.6%,15,1941,1958,7,11.3,615,1326,1183,148,274,54,9,37,147,2,1,93,241,0,9,3,49,0.232,0.288,0.386,0.674,15,1941,1958,7,37.46,207,128,0.618,3.23,460,350,73,188,31,22,2850,2559,1185,1024,180,1251,13,1277,57,2,63,12099
Bobby Doerr,1986,Veterans,Player,NA,NA,14,1937,1951,9,51.2,1865,8028,7093,1094,2042,381,89,223,1247,54,64,809,608,NA,187,NA,115,0.288,0.362,0.461,0.823,NA,NA,NA,NA,NA,NA,NA,NA,NA,NA,NA,NA,NA,NA,NA,NA,NA,NA,NA,NA,NA,NA,NA,NA,NA,NA,NA
Bobby Wallace,1953,Veterans,Player,NA,NA,25,1894,1918,0,70.2,2383,9612,8618,1057,2309,391,143,34,1121,201,10,774,560,NA,NA,NA,173,0.268,0.332,0.358,0.69,NA,NA,NA,NA,NA,NA,NA,NA,NA,NA,NA,NA,NA,NA,NA,NA,NA,NA,NA,NA,NA,NA,NA,NA,NA,NA,NA
Brooks Robinson,1983,BBWAA,Player,344,92.0%,23,1955,1977,18,78.4,2896,11782,10654,1232,2848,482,68,268,1357,28,22,860,990,120,297,114,101,0.267,0.322,0.401,0.723,NA,NA,NA,NA,NA,NA,NA,NA,NA,NA,NA,NA,NA,NA,NA,NA,NA,NA,NA,NA,NA,NA,NA,NA,NA,NA,NA
Bruce Sutter,2006,BBWAA,Player,400,76.9%,12,1976,1988,6,0,661,121,102,6,9,0,0,0,6,1,0,7,50,0,1,1,10,0.088,0.153,0.088,0.241,12,1976,1988,6,24.53,68,71,0.489,2.83,661,0,512,0,0,300,1042,879,370,328,77,309,83,861,13,8,37,4251
Buck Ewing,1939,Old Timers,Player,NA,NA,18,1880,1897,0,47.7,1315,5772,5363,1129,1625,250,178,71,883,354,NA,392,294,NA,NA,NA,8,0.303,0.351,0.456,0.807,NA,NA,NA,NA,NA,NA,NA,NA,NA,NA,NA,NA,NA,NA,NA,NA,NA,NA,NA,NA,NA,NA,NA,NA,NA,NA,NA
Buck Leonard,1972,Negro League,Player,NA,NA,NA,NA,NA,NA,NA,NA,NA,NA,NA,NA,NA,NA,NA,NA,NA,NA,NA,NA,NA,NA,NA,NA,NA,NA,NA,NA,NA,NA,NA,NA,NA,NA,NA,NA,NA,NA,NA,NA,NA,NA,NA,NA,NA,NA,NA,NA,NA,NA,NA,NA,NA,NA,NA
Bullet Rogan,1998,Veterans,Player,NA,NA,NA,NA,NA,NA,NA,NA,NA,NA,NA,NA,NA,NA,NA,NA,NA,NA,NA,NA,NA,NA,NA,NA,NA,NA,NA,NA,NA,NA,NA,NA,NA,NA,NA,NA,NA,NA,NA,NA,NA,NA,NA,NA,NA,NA,NA,NA,NA,NA,NA,NA,NA,NA,NA
Burleigh Grimes,1964,Veterans,Player,NA,NA,19,1916,1934,0,6.1,632,1686,1535,157,380,62,11,2,168,15,4,69,241,NA,1,NA,76,0.248,0.282,0.306,0.588,19,1916,1934,0,46.93,270,212,0.56,3.53,616,497,95,314,35,18,4180,4412,2050,1638,148,1295,NA,1512,101,12,92,17974
Cal Ripken,2007,BBWAA,Player,537,98.5%,21,1981,2001,19,95.5,3001,12883,11551,1647,3184,603,44,431,1695,36,39,1129,1305,107,350,127,10,0.276,0.34,0.447,0.788,NA,NA,NA,NA,NA,NA,NA,NA,NA,NA,NA,NA,NA,NA,NA,NA,NA,NA,NA,NA,NA,NA,NA,NA,NA,NA,NA
Cap Anson,1939,Old Timers,Player,NA,NA,27,1871,1897,0,93.9,2524,11331,10281,1999,3435,582,142,97,2075,277,16,984,330,NA,6,NA,34,0.334,0.394,0.447,0.841,NA,NA,NA,NA,NA,NA,NA,NA,NA,NA,NA,NA,NA,NA,NA,NA,NA,NA,NA,NA,NA,NA,NA,NA,NA,NA,NA
Carl Hubbell,1947,BBWAA,Player,140,87.0%,16,1928,1943,9,-0.3,535,1395,1288,95,246,30,2,4,101,1,NA,33,172,NA,12,NA,75,0.191,0.212,0.227,0.439,16,1928,1943,9,67.81,253,154,0.622,2.98,535,433,82,260,36,33,3590.1,3461,1380,1188,227,725,NA,1677,53,1,53,14805
Carl Yastrzemski,1989,BBWAA,Player,423,94.6%,23,1961,1983,18,96.1,3308,13992,11988,1816,3419,646,59,452,1844,168,116,1845,1393,190,323,105,13,0.285,0.379,0.462,0.841,NA,NA,NA,NA,NA,NA,NA,NA,NA,NA,NA,NA,NA,NA,NA,NA,NA,NA,NA,NA,NA,NA,NA,NA,NA,NA,NA
Carlton Fisk,2000,BBWAA,Player,397,79.6%,24,1969,1993,11,68.3,2499,9853,8756,1276,2356,421,47,376,1330,128,58,849,1386,105,204,79,26,0.269,0.341,0.457,0.797,NA,NA,NA,NA,NA,NA,NA,NA,NA,NA,NA,NA,NA,NA,NA,NA,NA,NA,NA,NA,NA,NA,NA,NA,NA,NA,NA
Catfish Hunter,1987,BBWAA,Player,315,76.3%,15,1965,1979,8,4.8,304,710,658,60,149,16,3,6,51,2,0,8,160,0,10,5,39,0.226,0.234,0.287,0.521,15,1965,1979,8,36.56,224,166,0.574,3.26,500,476,6,181,42,1,3449.1,2958,1380,1248,374,954,57,2012,49,7,49,14032
Charlie Gehringer,1949,Run Off,Player,159,85.0%,19,1924,1942,6,80.6,2323,10245,8860,1775,2839,574,146,184,1427,181,90,1186,372,NA,27,NA,141,0.32,0.404,0.48,0.884,NA,NA,NA,NA,NA,NA,NA,NA,NA,NA,NA,NA,NA,NA,NA,NA,NA,NA,NA,NA,NA,NA,NA,NA,NA,NA,NA
Chick Hafey,1971,Veterans,Player,NA,NA,13,1924,1937,1,30.1,1283,5115,4625,777,1466,341,67,164,833,70,7,372,477,NA,28,NA,83,0.317,0.372,0.526,0.898,NA,NA,NA,NA,NA,NA,NA,NA,NA,NA,NA,NA,NA,NA,NA,NA,NA,NA,NA,NA,NA,NA,NA,NA,NA,NA,NA
Chief Bender,1953,Veterans,Player,NA,NA,16,1903,1925,0,5.5,507,1276,1147,102,243,40,10,6,116,20,2,75,160,NA,NA,NA,42,0.212,0.266,0.28,0.546,16,1903,1925,0,43.99,212,127,0.625,2.46,459,334,112,255,40,34,3017,2645,1108,823,40,712,NA,1711,102,10,79,11895
Chipper Jones,2018,BBWAA,Player,410,97.2%,19,1993,2012,8,85,2499,10614,8984,1619,2726,549,38,468,1623,150,46,1512,1409,177,253,97,3,0.303,0.401,0.529,0.93,NA,NA,NA,NA,NA,NA,NA,NA,NA,NA,NA,NA,NA,NA,NA,NA,NA,NA,NA,NA,NA,NA,NA,NA,NA,NA,NA
Christy Mathewson,1936,BBWAA,Player,205,90.7%,17,1900,1916,0,6.4,647,1888,1687,151,362,50,12,7,167,20,1,116,218,NA,NA,NA,69,0.215,0.272,0.271,0.543,17,1900,1916,0,95.3,373,188,0.665,2.13,636,552,73,435,79,30,4788.2,4219,1620,1135,89,848,NA,2507,59,8,115,18913
Chuck Klein,1980,Veterans,Player,NA,NA,17,1928,1944,2,43.6,1753,7171,6486,1168,2076,398,74,300,1201,79,NA,601,521,NA,55,NA,69,0.32,0.379,0.543,0.922,NA,NA,NA,NA,NA,NA,NA,NA,NA,NA,NA,NA,NA,NA,NA,NA,NA,NA,NA,NA,NA,NA,NA,NA,NA,NA,NA
Cool Papa Bell,1974,Negro League,Player,NA,NA,NA,NA,NA,NA,NA,NA,NA,NA,NA,NA,NA,NA,NA,NA,NA,NA,NA,NA,NA,NA,NA,NA,NA,NA,NA,NA,NA,NA,NA,NA,NA,NA,NA,NA,NA,NA,NA,NA,NA,NA,NA,NA,NA,NA,NA,NA,NA,NA,NA,NA,NA,NA,NA
Craig Biggio,2015,BBWAA,Player,454,82.7%,20,1988,2007,7,65.1,2850,12504,10876,1844,3060,668,55,291,1175,414,124,1160,1753,68,150,81,101,0.281,0.363,0.433,0.796,NA,NA,NA,NA,NA,NA,NA,NA,NA,NA,NA,NA,NA,NA,NA,NA,NA,NA,NA,NA,NA,NA,NA,NA,NA,NA,NA
Cristobal Torriente,2006,Negro League,Player,NA,NA,NA,NA,NA,NA,NA,NA,NA,NA,NA,NA,NA,NA,NA,NA,NA,NA,NA,NA,NA,NA,NA,NA,NA,NA,NA,NA,NA,NA,NA,NA,NA,NA,NA,NA,NA,NA,NA,NA,NA,NA,NA,NA,NA,NA,NA,NA,NA,NA,NA,NA,NA,NA,NA
Cy Young,1937,BBWAA,Player,153,76.1%,22,1890,1911,0,-1.8,918,3101,2960,325,623,87,35,18,290,29,NA,81,381,NA,NA,NA,50,0.21,0.234,0.282,0.516,22,1890,1911,0,170.28,511,316,0.618,2.63,906,815,84,749,76,17,7356,7092,3167,2147,138,1217,NA,2803,161,3,156,29565
Dan Brouthers,1945,Old Timers,Player,NA,NA,19,1879,1904,0,79.4,1676,7691,6726,1529,2303,462,206,107,1301,257,NA,840,238,NA,NA,NA,20,0.342,0.423,0.52,0.943,NA,NA,NA,NA,NA,NA,NA,NA,NA,NA,NA,NA,NA,NA,NA,NA,NA,NA,NA,NA,NA,NA,NA,NA,NA,NA,NA
Dave Bancroft,1971,Veterans,Player,NA,NA,16,1915,1930,0,48.5,1913,8249,7182,1048,2004,320,77,32,591,145,75,827,487,NA,NA,NA,212,0.279,0.355,0.358,0.714,NA,NA,NA,NA,NA,NA,NA,NA,NA,NA,NA,NA,NA,NA,NA,NA,NA,NA,NA,NA,NA,NA,NA,NA,NA,NA,NA
Dave Winfield,2001,BBWAA,Player,435,84.5%,22,1973,1995,12,63.8,2973,12358,11003,1669,3110,540,88,465,1833,223,96,1216,1686,172,319,95,19,0.283,0.353,0.475,0.827,NA,NA,NA,NA,NA,NA,NA,NA,NA,NA,NA,NA,NA,NA,NA,NA,NA,NA,NA,NA,NA,NA,NA,NA,NA,NA,NA
Dazzy Vance,1955,BBWAA,Player,205,81.7%,16,1915,1935,0,-2.6,442,1114,971,68,146,23,1,7,75,1,0,79,287,NA,4,NA,55,0.15,0.219,0.198,0.417,16,1915,1935,0,62.48,197,140,0.585,3.24,442,349,52,217,29,12,2966.2,2809,1246,1068,132,840,NA,2045,77,2,37,12366
Deacon White,2013,Veterans,Player,NA,NA,20,1871,1890,0,45.5,1560,6973,6624,1140,2067,270,98,24,988,70,9,308,221,NA,8,NA,NA,0.312,0.346,0.393,0.74,NA,NA,NA,NA,NA,NA,NA,NA,NA,NA,NA,NA,NA,NA,NA,NA,NA,NA,NA,NA,NA,NA,NA,NA,NA,NA,NA
Dennis Eckersley,2004,BBWAA,Player,421,83.2%,24,1975,1998,6,0.4,218,196,181,9,24,3,0,3,12,0,0,9,84,0,1,1,5,0.133,0.173,0.199,0.372,24,1975,1998,6,62.53,197,171,0.535,3.5,1071,361,577,100,20,390,3285.2,3076,1382,1278,347,738,91,2401,75,16,28,13534
Dizzy Dean,1953,BBWAA,Player,209,79.2%,12,1930,1947,4,2.2,325,766,717,76,161,23,4,8,76,5,0,9,104,NA,12,NA,39,0.225,0.235,0.301,0.536,12,1930,1947,4,42.66,150,83,0.644,3.02,317,230,77,154,26,31,1967.1,1919,774,661,95,453,NA,1163,27,5,12,8171
Don Drysdale,1984,BBWAA,Player,316,78.4%,14,1956,1969,9,5.9,547,1309,1169,96,218,26,7,29,113,0,2,60,370,0,34,6,69,0.186,0.228,0.295,0.523,14,1956,1969,9,61.21,209,166,0.557,2.95,518,465,34,167,49,6,3432,3084,1292,1124,280,855,123,2486,154,10,82,14097
Don Sutton,1998,BBWAA,Player,386,81.6%,23,1966,1988,4,-1.3,611,1559,1354,64,195,15,1,0,64,1,0,60,365,0,29,3,136,0.144,0.183,0.157,0.34,23,1966,1988,4,68.67,324,256,0.559,3.26,774,756,12,178,58,5,5282.1,4692,2104,1914,472,1343,102,3574,82,21,112,21631
Duke Snider,1980,BBWAA,Player,333,86.5%,18,1947,1964,8,66.5,2143,8237,7161,1259,2116,358,85,407,1333,99,50,971,1237,104,166,32,52,0.295,0.38,0.54,0.919,NA,NA,NA,NA,NA,NA,NA,NA,NA,NA,NA,NA,NA,NA,NA,NA,NA,NA,NA,NA,NA,NA,NA,NA,NA,NA,NA
Earl Averill,1975,Veterans,Player,NA,NA,13,1929,1941,6,48,1669,7221,6353,1224,2019,401,128,238,1164,70,58,774,518,NA,7,NA,55,0.318,0.395,0.534,0.928,NA,NA,NA,NA,NA,NA,NA,NA,NA,NA,NA,NA,NA,NA,NA,NA,NA,NA,NA,NA,NA,NA,NA,NA,NA,NA,NA
Earle Combs,1970,Veterans,Player,NA,NA,12,1924,1935,0,42.5,1455,6513,5746,1186,1866,309,154,58,633,98,71,670,278,NA,NA,NA,74,0.325,0.397,0.462,0.859,NA,NA,NA,NA,NA,NA,NA,NA,NA,NA,NA,NA,NA,NA,NA,NA,NA,NA,NA,NA,NA,NA,NA,NA,NA,NA,NA
Early Wynn,1972,BBWAA,Player,301,76.0%,23,1939,1963,9,9.7,796,1904,1704,136,365,59,5,17,173,1,0,141,330,0,33,4,52,0.214,0.274,0.285,0.559,23,1939,1963,9,51.58,300,244,0.551,3.54,691,611,67,289,49,16,4564,4291,2037,1796,338,1775,36,2334,64,2,51,19408
Ed Delahanty,1945,Old Timers,Player,NA,NA,16,1888,1903,0,69.5,1837,8400,7510,1600,2597,522,186,101,1466,456,NA,742,439,NA,NA,NA,54,0.346,0.411,0.505,0.917,NA,NA,NA,NA,NA,NA,NA,NA,NA,NA,NA,NA,NA,NA,NA,NA,NA,NA,NA,NA,NA,NA,NA,NA,NA,NA,NA
Ed Walsh,1946,Old Timers,Player,NA,NA,14,1904,1917,0,2.3,459,1169,1085,92,210,38,10,3,68,14,1,46,282,NA,NA,NA,30,0.194,0.231,0.255,0.486,14,1904,1917,0,63.22,195,126,0.607,1.82,430,315,105,250,57,35,2964.1,2346,873,598,23,617,NA,1736,52,9,76,11413
Edd Roush,1962,Veterans,Player,NA,NA,18,1913,1931,0,45.2,1967,8148,7363,1099,2376,339,182,68,981,268,92,484,260,NA,NA,NA,256,0.323,0.369,0.446,0.815,NA,NA,NA,NA,NA,NA,NA,NA,NA,NA,NA,NA,NA,NA,NA,NA,NA,NA,NA,NA,NA,NA,NA,NA,NA,NA,NA
Eddie Collins,1939,BBWAA,Player,213,77.7%,25,1906,1930,0,123.9,2826,12046,9949,1821,3315,438,187,47,1299,741,195,1499,467,NA,NA,NA,512,0.333,0.424,0.429,0.853,NA,NA,NA,NA,NA,NA,NA,NA,NA,NA,NA,NA,NA,NA,NA,NA,NA,NA,NA,NA,NA,NA,NA,NA,NA,NA,NA
Eddie Mathews,1978,BBWAA,Player,301,79.4%,17,1952,1968,12,96.4,2391,10100,8537,1509,2315,354,72,512,1453,68,39,1444,1487,107,123,58,36,0.271,0.376,0.509,0.885,NA,NA,NA,NA,NA,NA,NA,NA,NA,NA,NA,NA,NA,NA,NA,NA,NA,NA,NA,NA,NA,NA,NA,NA,NA,NA,NA
Eddie Murray,2003,BBWAA,Player,423,85.3%,21,1977,1997,8,68.3,3026,12817,11336,1627,3255,560,35,504,1917,110,43,1333,1516,222,315,128,2,0.287,0.359,0.476,0.836,NA,NA,NA,NA,NA,NA,NA,NA,NA,NA,NA,NA,NA,NA,NA,NA,NA,NA,NA,NA,NA,NA,NA,NA,NA,NA,NA
Eddie Plank,1946,Old Timers,Player,NA,NA,17,1901,1917,0,3.4,630,1773,1607,130,331,39,7,3,122,13,3,71,265,NA,NA,NA,76,0.206,0.25,0.245,0.495,17,1901,1917,0,86.48,326,194,0.627,2.35,623,529,77,410,69,23,4495.2,3958,1566,1174,42,1072,NA,2246,190,6,88,17803
Elmer Flick,1963,Veterans,Player,NA,NA,13,1898,1910,0,53.2,1483,6414,5597,950,1752,268,164,48,756,330,NA,597,567,NA,NA,NA,121,0.313,0.389,0.445,0.834,NA,NA,NA,NA,NA,NA,NA,NA,NA,NA,NA,NA,NA,NA,NA,NA,NA,NA,NA,NA,NA,NA,NA,NA,NA,NA,NA
Enos Slaughter,1985,Veterans,Player,NA,NA,19,1938,1959,10,55.1,2380,9086,7946,1247,2383,413,148,169,1304,71,15,1018,538,11,139,10,73,0.3,0.382,0.453,0.834,NA,NA,NA,NA,NA,NA,NA,NA,NA,NA,NA,NA,NA,NA,NA,NA,NA,NA,NA,NA,NA,NA,NA,NA,NA,NA,NA
Eppa Rixey,1963,Veterans,Player,NA,NA,21,1912,1933,0,-1.4,694,1666,1522,95,291,33,4,3,111,2,2,49,220,NA,2,NA,87,0.191,0.221,0.224,0.445,21,1912,1933,0,56.81,266,251,0.515,3.15,692,554,99,290,37,14,4494.2,4633,1986,1572,93,1082,NA,1350,76,10,97,18754
Ernie Banks,1977,BBWAA,Player,321,83.8%,19,1953,1971,14,67.4,2528,10394,9421,1305,2583,407,90,512,1636,50,53,763,1236,198,229,96,45,0.274,0.33,0.5,0.83,NA,NA,NA,NA,NA,NA,NA,NA,NA,NA,NA,NA,NA,NA,NA,NA,NA,NA,NA,NA,NA,NA,NA,NA,NA,NA,NA
Ernie Lombardi,1986,Veterans,Player,NA,NA,17,1931,1947,8,45.9,1853,6352,5855,601,1792,277,27,190,990,8,NA,430,262,NA,261,NA,18,0.306,0.358,0.46,0.818,NA,NA,NA,NA,NA,NA,NA,NA,NA,NA,NA,NA,NA,NA,NA,NA,NA,NA,NA,NA,NA,NA,NA,NA,NA,NA,NA
Fergie Jenkins,1991,BBWAA,Player,334,75.4%,19,1965,1983,3,2.2,413,1010,896,54,148,27,6,13,85,0,1,41,326,0,9,7,66,0.165,0.2,0.252,0.452,19,1965,1983,3,82.76,284,226,0.557,3.34,664,594,37,267,49,7,4500.2,4142,1853,1669,484,997,116,3192,84,18,62,18400
Frank Chance,1946,Old Timers,Player,NA,NA,17,1898,1914,0,45.6,1288,5103,4299,798,1274,200,79,20,596,403,0,556,320,NA,NA,NA,111,0.296,0.394,0.394,0.788,NA,NA,NA,NA,NA,NA,NA,NA,NA,NA,NA,NA,NA,NA,NA,NA,NA,NA,NA,NA,NA,NA,NA,NA,NA,NA,NA
Frank Grant,2006,Negro League,Player,NA,NA,NA,NA,NA,NA,NA,NA,NA,NA,NA,NA,NA,NA,NA,NA,NA,NA,NA,NA,NA,NA,NA,NA,NA,NA,NA,NA,NA,NA,NA,NA,NA,NA,NA,NA,NA,NA,NA,NA,NA,NA,NA,NA,NA,NA,NA,NA,NA,NA,NA,NA,NA,NA,NA
Frank Robinson,1982,BBWAA,Player,370,89.2%,21,1956,1976,14,107.2,2808,11742,10006,1829,2943,528,72,586,1812,204,77,1420,1532,218,270,102,17,0.294,0.389,0.537,0.926,NA,NA,NA,NA,NA,NA,NA,NA,NA,NA,NA,NA,NA,NA,NA,NA,NA,NA,NA,NA,NA,NA,NA,NA,NA,NA,NA
Frank Thomas,2014,BBWAA,Player,478,83.7%,19,1990,2008,5,73.7,2322,10075,8199,1494,2468,495,12,521,1704,32,23,1667,1397,168,226,121,0,0.301,0.419,0.555,0.974,NA,NA,NA,NA,NA,NA,NA,NA,NA,NA,NA,NA,NA,NA,NA,NA,NA,NA,NA,NA,NA,NA,NA,NA,NA,NA,NA
Frankie Frisch,1947,BBWAA,Player,136,84.5%,19,1919,1937,3,70.4,2311,10099,9112,1532,2880,466,138,105,1244,419,74,728,272,NA,55,NA,229,0.316,0.369,0.432,0.801,NA,NA,NA,NA,NA,NA,NA,NA,NA,NA,NA,NA,NA,NA,NA,NA,NA,NA,NA,NA,NA,NA,NA,NA,NA,NA,NA
Fred Clarke,1945,Old Timers,Player,NA,NA,21,1894,1915,0,67.8,2246,9838,8584,1622,2678,361,220,67,1015,509,0,875,511,NA,NA,NA,225,0.312,0.386,0.429,0.814,NA,NA,NA,NA,NA,NA,NA,NA,NA,NA,NA,NA,NA,NA,NA,NA,NA,NA,NA,NA,NA,NA,NA,NA,NA,NA,NA
Freddie Lindstrom,1976,Veterans,Player,NA,NA,13,1924,1936,0,28.3,1438,6108,5611,895,1747,301,81,103,779,84,10,334,276,NA,35,NA,146,0.311,0.351,0.449,0.8,NA,NA,NA,NA,NA,NA,NA,NA,NA,NA,NA,NA,NA,NA,NA,NA,NA,NA,NA,NA,NA,NA,NA,NA,NA,NA,NA
Gabby Hartnett,1955,BBWAA,Player,195,77.7%,20,1922,1941,6,53.4,1990,7297,6432,867,1912,396,64,236,1179,28,7,703,697,NA,93,NA,127,0.297,0.37,0.489,0.858,NA,NA,NA,NA,NA,NA,NA,NA,NA,NA,NA,NA,NA,NA,NA,NA,NA,NA,NA,NA,NA,NA,NA,NA,NA,NA,NA
Gary Carter,2003,BBWAA,Player,387,78.0%,19,1974,1992,11,69.9,2296,9019,7971,1025,2092,371,31,324,1225,39,42,848,997,106,180,99,33,0.262,0.335,0.439,0.773,NA,NA,NA,NA,NA,NA,NA,NA,NA,NA,NA,NA,NA,NA,NA,NA,NA,NA,NA,NA,NA,NA,NA,NA,NA,NA,NA
Gaylord Perry,1991,BBWAA,Player,342,77.2%,22,1962,1983,5,-2.7,512,1220,1076,48,141,17,0,6,47,0,0,22,369,0,20,3,113,0.131,0.153,0.164,0.316,22,1962,1983,5,93.7,314,265,0.542,3.11,777,690,33,303,53,10,5350,4938,2128,1846,399,1379,164,3534,108,6,160,21953
George Brett,1999,BBWAA,Player,488,98.2%,21,1973,1993,13,88.4,2707,11625,10349,1583,3154,665,137,317,1596,201,97,1096,908,229,235,120,26,0.305,0.369,0.487,0.857,NA,NA,NA,NA,NA,NA,NA,NA,NA,NA,NA,NA,NA,NA,NA,NA,NA,NA,NA,NA,NA,NA,NA,NA,NA,NA,NA
George Davis,1998,Veterans,Player,NA,NA,20,1890,1909,0,84.7,2372,10178,9045,1545,2665,453,163,73,1440,619,NA,874,613,NA,NA,NA,184,0.295,0.362,0.405,0.767,NA,NA,NA,NA,NA,NA,NA,NA,NA,NA,NA,NA,NA,NA,NA,NA,NA,NA,NA,NA,NA,NA,NA,NA,NA,NA,NA
George Kell,1983,Veterans,Player,NA,NA,15,1943,1957,10,37.4,1795,7529,6702,880,2054,385,50,78,870,51,36,621,287,7,188,20,149,0.306,0.367,0.414,0.781,NA,NA,NA,NA,NA,NA,NA,NA,NA,NA,NA,NA,NA,NA,NA,NA,NA,NA,NA,NA,NA,NA,NA,NA,NA,NA,NA
George Sisler,1939,BBWAA,Player,235,85.8%,15,1915,1930,0,54.5,2055,9012,8267,1284,2812,425,164,102,1178,375,127,472,327,NA,NA,NA,226,0.34,0.379,0.468,0.847,NA,NA,NA,NA,NA,NA,NA,NA,NA,NA,NA,NA,NA,NA,NA,NA,NA,NA,NA,NA,NA,NA,NA,NA,NA,NA,NA
Goose Goslin,1968,Veterans,Player,NA,NA,18,1921,1938,1,66.1,2287,9829,8656,1482,2735,500,173,248,1612,176,89,949,585,NA,NA,NA,162,0.316,0.387,0.5,0.887,NA,NA,NA,NA,NA,NA,NA,NA,NA,NA,NA,NA,NA,NA,NA,NA,NA,NA,NA,NA,NA,NA,NA,NA,NA,NA,NA
Greg Maddux,2014,BBWAA,Player,555,97.2%,23,1986,2008,8,2.3,737,1812,1591,103,272,35,2,5,84,11,3,34,419,0,15,2,180,0.171,0.191,0.205,0.395,23,1986,2008,8,104.6,355,227,0.61,3.16,744,740,3,109,35,0,5008.1,4726,1981,1756,353,999,177,3371,137,28,70,20421
Hack Wilson,1979,Veterans,Player,NA,NA,12,1923,1934,0,38.8,1348,5556,4760,884,1461,266,67,244,1063,52,5,674,713,NA,15,NA,102,0.307,0.395,0.545,0.94,NA,NA,NA,NA,NA,NA,NA,NA,NA,NA,NA,NA,NA,NA,NA,NA,NA,NA,NA,NA,NA,NA,NA,NA,NA,NA,NA
Hal Newhouser,1992,Veterans,Player,NA,NA,17,1939,1955,7,2.6,492,1159,999,70,201,22,2,2,81,3,3,89,150,0,24,0,72,0.201,0.267,0.233,0.5,17,1939,1955,7,60.36,207,150,0.58,3.06,488,374,79,212,33,26,2993,2674,1197,1016,136,1249,1,1796,19,7,65,12648
Hank Aaron,1982,BBWAA,Player,406,97.8%,23,1954,1976,25,142.6,3298,13941,12364,2174,3771,624,98,755,2297,240,73,1402,1383,293,328,121,21,0.305,0.374,0.555,0.928,NA,NA,NA,NA,NA,NA,NA,NA,NA,NA,NA,NA,NA,NA,NA,NA,NA,NA,NA,NA,NA,NA,NA,NA,NA,NA,NA
Hank Greenberg,1956,BBWAA,Player,164,85.0%,13,1930,1947,5,57.5,1394,6098,5193,1046,1628,379,71,331,1274,58,26,852,844,NA,66,NA,35,0.313,0.412,0.605,1.017,NA,NA,NA,NA,NA,NA,NA,NA,NA,NA,NA,NA,NA,NA,NA,NA,NA,NA,NA,NA,NA,NA,NA,NA,NA,NA,NA
Harmon Killebrew,1984,BBWAA,Player,335,83.1%,22,1954,1975,13,60.4,2435,9833,8147,1283,2086,290,24,573,1584,19,18,1559,1699,160,243,77,0,0.256,0.376,0.509,0.884,NA,NA,NA,NA,NA,NA,NA,NA,NA,NA,NA,NA,NA,NA,NA,NA,NA,NA,NA,NA,NA,NA,NA,NA,NA,NA,NA
Harry Heilmann,1952,BBWAA,Player,203,86.8%,17,1914,1932,0,72.1,2147,8964,7787,1291,2660,542,151,183,1543,113,64,856,550,NA,NA,NA,277,0.342,0.41,0.52,0.93,NA,NA,NA,NA,NA,NA,NA,NA,NA,NA,NA,NA,NA,NA,NA,NA,NA,NA,NA,NA,NA,NA,NA,NA,NA,NA,NA
Harry Hooper,1971,Veterans,Player,NA,NA,17,1909,1925,0,53.1,2309,10254,8785,1429,2466,389,160,75,816,375,141,1136,582,NA,NA,NA,247,0.281,0.368,0.387,0.755,NA,NA,NA,NA,NA,NA,NA,NA,NA,NA,NA,NA,NA,NA,NA,NA,NA,NA,NA,NA,NA,NA,NA,NA,NA,NA,NA
Heinie Manush,1964,Veterans,Player,NA,NA,17,1923,1939,1,45.8,2008,8419,7654,1288,2524,491,160,110,1183,113,59,506,345,NA,11,NA,186,0.33,0.377,0.479,0.856,NA,NA,NA,NA,NA,NA,NA,NA,NA,NA,NA,NA,NA,NA,NA,NA,NA,NA,NA,NA,NA,NA,NA,NA,NA,NA,NA
Herb Pennock,1948,BBWAA,Player,94,77.7%,22,1912,1934,0,0.9,620,1414,1214,108,232,33,4,4,103,1,0,94,178,NA,NA,NA,111,0.191,0.253,0.235,0.488,22,1912,1934,0,44.06,241,162,0.598,3.6,617,419,135,249,35,37,3571.2,3900,1699,1428,128,916,NA,1227,36,6,65,15096
High Pockets Kelly,1973,Veterans,Player,NA,NA,16,1915,1932,0,25.2,1622,6570,5993,819,1778,337,76,148,1020,65,43,386,694,NA,NA,NA,158,0.297,0.342,0.452,0.794,NA,NA,NA,NA,NA,NA,NA,NA,NA,NA,NA,NA,NA,NA,NA,NA,NA,NA,NA,NA,NA,NA,NA,NA,NA,NA,NA
Hilton Smith,2001,Veterans,Player,NA,NA,NA,NA,NA,NA,NA,NA,NA,NA,NA,NA,NA,NA,NA,NA,NA,NA,NA,NA,NA,NA,NA,NA,NA,NA,NA,NA,NA,NA,NA,NA,NA,NA,NA,NA,NA,NA,NA,NA,NA,NA,NA,NA,NA,NA,NA,NA,NA,NA,NA,NA,NA,NA,NA
Home Run Baker,1955,Veterans,Player,NA,NA,13,1908,1922,0,62.8,1575,6667,5984,887,1838,315,103,96,991,235,54,473,344,NA,NA,NA,153,0.307,0.363,0.442,0.805,NA,NA,NA,NA,NA,NA,NA,NA,NA,NA,NA,NA,NA,NA,NA,NA,NA,NA,NA,NA,NA,NA,NA,NA,NA,NA,NA
Honus Wagner,1936,BBWAA,Player,215,95.1%,21,1897,1917,0,131,2794,11749,10439,1739,3420,643,252,101,1732,723,26,963,735,NA,NA,NA,221,0.328,0.391,0.467,0.858,NA,NA,NA,NA,NA,NA,NA,NA,NA,NA,NA,NA,NA,NA,NA,NA,NA,NA,NA,NA,NA,NA,NA,NA,NA,NA,NA
Hoyt Wilhelm,1985,BBWAA,Player,331,83.8%,21,1952,1972,8,-2.8,1070,493,432,24,38,3,1,1,21,0,1,26,166,0,8,1,34,0.088,0.139,0.106,0.246,21,1952,1972,8,50.11,143,122,0.54,2.52,1070,52,651,20,5,228,2254.1,1757,773,632,150,778,61,1610,62,4,90,9164
Hugh Duffy,1945,Old Timers,Player,NA,NA,17,1888,1906,0,43,1737,7841,7044,1554,2293,325,119,106,1302,574,NA,664,268,NA,NA,NA,104,0.326,0.386,0.451,0.837,NA,NA,NA,NA,NA,NA,NA,NA,NA,NA,NA,NA,NA,NA,NA,NA,NA,NA,NA,NA,NA,NA,NA,NA,NA,NA,NA
Hughie Jennings,1945,Old Timers,Player,NA,NA,18,1891,1918,0,42.3,1284,5648,4895,992,1526,232,88,18,840,359,0,347,234,NA,NA,NA,119,0.312,0.391,0.406,0.797,NA,NA,NA,NA,NA,NA,NA,NA,NA,NA,NA,NA,NA,NA,NA,NA,NA,NA,NA,NA,NA,NA,NA,NA,NA,NA,NA
Ivan Rodriguez,2017,BBWAA,Player,336,76.0%,21,1991,2011,14,68.4,2543,10270,9592,1354,2844,572,51,311,1332,127,64,513,1474,67,337,76,31,0.296,0.334,0.464,0.798,NA,NA,NA,NA,NA,NA,NA,NA,NA,NA,NA,NA,NA,NA,NA,NA,NA,NA,NA,NA,NA,NA,NA,NA,NA,NA,NA
Jack Chesbro,1946,Old Timers,Player,NA,NA,11,1899,1909,0,0.2,393,1151,1103,85,217,37,13,5,82,5,NA,25,269,NA,NA,NA,21,0.197,0.216,0.267,0.483,11,1899,1909,0,41.2,198,132,0.6,2.68,392,332,52,260,35,5,2896.2,2647,1206,864,39,690,NA,1265,113,2,62,11632
Jack Morris,2018,Veterans,Player,NA,NA,18,1977,1994,5,0.3,23,1,1,4,0,0,0,0,0,0,0,0,0,0,0,0,0,0,0,0,0,18,1977,1994,5,43.8,254,186,0.577,3.9,549,527,10,175,28,0,3824,3567,1815,1657,389,1390,99,2478,58,27,206,16120
Jackie Robinson,1962,BBWAA,Player,124,77.5%,10,1947,1956,6,61.5,1382,5804,4877,947,1518,273,54,137,734,197,30,740,291,7,113,9,104,0.311,0.409,0.474,0.883,NA,NA,NA,NA,NA,NA,NA,NA,NA,NA,NA,NA,NA,NA,NA,NA,NA,NA,NA,NA,NA,NA,NA,NA,NA,NA,NA
Jake Beckley,1971,Veterans,Player,NA,NA,20,1888,1907,0,61.5,2392,10517,9551,1603,2938,473,244,87,1581,315,NA,616,526,NA,NA,NA,167,0.308,0.361,0.436,0.797,NA,NA,NA,NA,NA,NA,NA,NA,NA,NA,NA,NA,NA,NA,NA,NA,NA,NA,NA,NA,NA,NA,NA,NA,NA,NA,NA
Jeff Bagwell,2017,BBWAA,Player,381,86.2%,15,1991,2005,4,79.6,2150,9431,7797,1517,2314,488,32,449,1529,202,78,1401,1558,155,221,102,3,0.297,0.408,0.54,0.948,NA,NA,NA,NA,NA,NA,NA,NA,NA,NA,NA,NA,NA,NA,NA,NA,NA,NA,NA,NA,NA,NA,NA,NA,NA,NA,NA
Jesse Burkett,1946,Old Timers,Player,NA,NA,16,1890,1905,0,62.9,2067,9620,8426,1720,2850,320,182,75,952,389,NA,1029,613,NA,NA,NA,90,0.338,0.415,0.446,0.861,NA,NA,NA,NA,NA,NA,NA,NA,NA,NA,NA,NA,NA,NA,NA,NA,NA,NA,NA,NA,NA,NA,NA,NA,NA,NA,NA
Jesse Haines,1970,Veterans,Player,NA,NA,19,1918,1937,0,-3.1,560,1214,1124,76,209,23,2,3,79,2,0,30,246,NA,1,NA,59,0.186,0.208,0.218,0.426,19,1918,1937,0,35.72,210,158,0.571,3.64,555,387,96,209,23,11,3208.2,3460,1556,1298,165,871,NA,981,57,6,55,13644
Jim Bottomley,1974,Veterans,Player,NA,NA,16,1922,1937,0,35.3,1991,8354,7471,1177,2313,465,151,219,1422,58,15,664,591,NA,33,NA,177,0.31,0.369,0.5,0.869,NA,NA,NA,NA,NA,NA,NA,NA,NA,NA,NA,NA,NA,NA,NA,NA,NA,NA,NA,NA,NA,NA,NA,NA,NA,NA,NA
Jim Bunning,1996,Veterans,Player,NA,NA,17,1955,1971,9,-0.8,601,1401,1275,82,213,21,4,7,75,0,2,34,362,0,36,6,85,0.167,0.188,0.206,0.395,17,1955,1971,9,60.27,224,184,0.549,3.27,591,519,39,151,40,16,3760.1,3433,1527,1366,372,1000,98,2855,160,8,47,15618
Jim O'Rourke,1945,Old Timers,Player,NA,NA,23,1872,1904,0,51.3,1999,9052,8503,1729,2639,468,149,62,1208,229,12,513,362,NA,6,NA,0,0.31,0.352,0.422,0.775,NA,NA,NA,NA,NA,NA,NA,NA,NA,NA,NA,NA,NA,NA,NA,NA,NA,NA,NA,NA,NA,NA,NA,NA,NA,NA,NA
Jim Palmer,1990,BBWAA,Player,411,92.6%,19,1965,1984,6,1.3,222,537,489,52,85,9,1,3,41,1,0,16,207,0,1,1,31,0.174,0.2,0.215,0.414,19,1965,1984,6,68.13,268,152,0.638,2.86,558,521,15,211,53,4,3948,3349,1395,1253,303,1311,37,2212,38,11,85,16114
Jim Rice,2009,BBWAA,Player,412,76.4%,16,1974,1989,8,47.4,2089,9058,8225,1249,2452,373,79,382,1451,58,34,670,1423,77,315,94,5,0.298,0.352,0.502,0.854,NA,NA,NA,NA,NA,NA,NA,NA,NA,NA,NA,NA,NA,NA,NA,NA,NA,NA,NA,NA,NA,NA,NA,NA,NA,NA,NA
Jim Thome,2018,BBWAA,Player,379,89.8%,22,1991,2012,5,72.9,2543,10313,8422,1583,2328,451,26,612,1699,19,20,1747,2548,173,165,74,1,0.276,0.402,0.554,0.956,NA,NA,NA,NA,NA,NA,NA,NA,NA,NA,NA,NA,NA,NA,NA,NA,NA,NA,NA,NA,NA,NA,NA,NA,NA,NA,NA
Jimmie Foxx,1951,BBWAA,Player,179,79.2%,20,1925,1945,9,96.4,2317,9676,8134,1751,2646,458,125,534,1922,87,73,1452,1311,NA,69,NA,71,0.325,0.428,0.609,1.038,NA,NA,NA,NA,NA,NA,NA,NA,NA,NA,NA,NA,NA,NA,NA,NA,NA,NA,NA,NA,NA,NA,NA,NA,NA,NA,NA
Jimmy Collins,1945,Old Timers,Player,NA,NA,14,1895,1908,0,53.2,1725,7452,6795,1055,1999,352,116,65,983,194,NA,426,266,NA,NA,NA,147,0.294,0.343,0.409,0.752,NA,NA,NA,NA,NA,NA,NA,NA,NA,NA,NA,NA,NA,NA,NA,NA,NA,NA,NA,NA,NA,NA,NA,NA,NA,NA,NA
Joe Cronin,1956,BBWAA,Player,152,78.8%,20,1926,1945,7,66.4,2124,8840,7579,1233,2285,515,118,170,1424,87,71,1059,700,NA,57,NA,166,0.301,0.39,0.468,0.857,NA,NA,NA,NA,NA,NA,NA,NA,NA,NA,NA,NA,NA,NA,NA,NA,NA,NA,NA,NA,NA,NA,NA,NA,NA,NA,NA
Joe DiMaggio,1955,BBWAA,Player,223,88.8%,13,1936,1951,13,78.1,1736,7672,6821,1390,2214,389,131,361,1537,30,9,790,369,NA,130,NA,14,0.325,0.398,0.579,0.977,NA,NA,NA,NA,NA,NA,NA,NA,NA,NA,NA,NA,NA,NA,NA,NA,NA,NA,NA,NA,NA,NA,NA,NA,NA,NA,NA
Joe Gordon,2009,Veterans,Player,NA,NA,11,1938,1950,9,57.1,1566,6535,5707,914,1530,264,52,253,975,89,60,759,702,NA,159,NA,41,0.268,0.357,0.466,0.822,NA,NA,NA,NA,NA,NA,NA,NA,NA,NA,NA,NA,NA,NA,NA,NA,NA,NA,NA,NA,NA,NA,NA,NA,NA,NA,NA
Joe Kelley,1971,Veterans,Player,NA,NA,17,1891,1908,0,50.6,1853,8139,7006,1421,2220,358,194,65,1194,443,NA,911,430,NA,NA,NA,140,0.317,0.402,0.451,0.853,NA,NA,NA,NA,NA,NA,NA,NA,NA,NA,NA,NA,NA,NA,NA,NA,NA,NA,NA,NA,NA,NA,NA,NA,NA,NA,NA
Joe McGinnity,1946,Old Timers,Player,NA,NA,10,1899,1908,0,-2.7,477,1423,1297,109,251,21,10,0,90,26,NA,34,158,NA,NA,NA,81,0.194,0.221,0.225,0.446,10,1899,1908,0,60.43,246,142,0.634,2.66,465,381,73,314,32,24,3441.1,3276,1436,1016,52,812,NA,1068,179,4,30,14132
Joe Medwick,1968,BBWAA,Player,240,84.8%,17,1932,1948,10,55.6,1984,8143,7635,1198,2471,540,113,205,1383,42,NA,437,551,NA,203,NA,44,0.324,0.362,0.505,0.867,NA,NA,NA,NA,NA,NA,NA,NA,NA,NA,NA,NA,NA,NA,NA,NA,NA,NA,NA,NA,NA,NA,NA,NA,NA,NA,NA
Joe Morgan,1990,BBWAA,Player,363,81.8%,22,1963,1984,10,100.3,2649,11329,9277,1650,2517,449,96,268,1133,689,162,1865,1015,76,105,96,51,0.271,0.392,0.427,0.819,NA,NA,NA,NA,NA,NA,NA,NA,NA,NA,NA,NA,NA,NA,NA,NA,NA,NA,NA,NA,NA,NA,NA,NA,NA,NA,NA
Joe Sewell,1977,Veterans,Player,NA,NA,14,1920,1933,0,53.7,1903,8333,7132,1141,2226,436,68,49,1054,74,72,842,114,NA,NA,NA,275,0.312,0.391,0.413,0.804,NA,NA,NA,NA,NA,NA,NA,NA,NA,NA,NA,NA,NA,NA,NA,NA,NA,NA,NA,NA,NA,NA,NA,NA,NA,NA,NA
Joe Tinker,1946,Old Timers,Player,NA,NA,15,1902,1916,0,53.2,1806,7153,6441,774,1690,263,114,31,785,336,12,416,526,NA,NA,NA,285,0.262,0.308,0.353,0.661,NA,NA,NA,NA,NA,NA,NA,NA,NA,NA,NA,NA,NA,NA,NA,NA,NA,NA,NA,NA,NA,NA,NA,NA,NA,NA,NA
John Clarkson,1963,Veterans,Player,NA,NA,12,1882,1894,0,-1.7,546,2060,1974,254,432,73,26,24,232,31,NA,81,382,NA,NA,NA,4,0.219,0.25,0.319,0.569,12,1882,1894,0,85.69,328,178,0.648,2.81,531,518,12,485,37,5,4536.1,4295,2384,1417,159,1191,NA,1978,80,0,182,19146
John Smoltz,2015,BBWAA,Player,455,82.9%,21,1988,2009,8,3.1,709,1167,948,77,151,26,2,5,61,3,2,79,365,0,15,1,136,0.159,0.226,0.207,0.433,21,1988,2009,8,66.48,213,155,0.579,3.33,723,481,204,53,16,154,3473,3074,1391,1284,288,1010,84,3084,57,16,145,14271
John Ward,1964,Veterans,Player,NA,NA,17,1878,1894,0,35.6,1827,8114,7656,1410,2107,231,96,26,869,540,NA,421,326,NA,NA,NA,20,0.275,0.314,0.341,0.655,17,1878,1894,0,28.38,164,103,0.614,2.1,293,262,32,245,24,3,2469.2,2324,1185,576,26,253,NA,920,NA,0,144,10164
Johnny Bench,1989,BBWAA,Player,431,96.4%,17,1967,1983,14,75,2158,8674,7658,1091,2048,381,24,389,1376,68,43,891,1278,135,201,90,11,0.267,0.342,0.476,0.817,NA,NA,NA,NA,NA,NA,NA,NA,NA,NA,NA,NA,NA,NA,NA,NA,NA,NA,NA,NA,NA,NA,NA,NA,NA,NA,NA
Johnny Evers,1946,Old Timers,Player,NA,NA,18,1902,1929,0,47.7,1784,7212,6137,919,1659,216,70,12,536,324,26,778,293,NA,NA,NA,256,0.27,0.356,0.334,0.69,NA,NA,NA,NA,NA,NA,NA,NA,NA,NA,NA,NA,NA,NA,NA,NA,NA,NA,NA,NA,NA,NA,NA,NA,NA,NA,NA
Johnny Mize,1981,Veterans,Player,NA,NA,15,1936,1953,10,71,1884,7370,6443,1118,2011,367,83,359,1337,28,1,856,524,NA,99,NA,20,0.312,0.397,0.562,0.959,NA,NA,NA,NA,NA,NA,NA,NA,NA,NA,NA,NA,NA,NA,NA,NA,NA,NA,NA,NA,NA,NA,NA,NA,NA,NA,NA
Jose Mendez,2006,Negro League,Player,NA,NA,NA,NA,NA,NA,NA,NA,NA,NA,NA,NA,NA,NA,NA,NA,NA,NA,NA,NA,NA,NA,NA,NA,NA,NA,NA,NA,NA,NA,NA,NA,NA,NA,NA,NA,NA,NA,NA,NA,NA,NA,NA,NA,NA,NA,NA,NA,NA,NA,NA,NA,NA,NA,NA
Josh Gibson,1972,Negro League,Player,NA,NA,NA,NA,NA,NA,NA,NA,NA,NA,NA,NA,NA,NA,NA,NA,NA,NA,NA,NA,NA,NA,NA,NA,NA,NA,NA,NA,NA,NA,NA,NA,NA,NA,NA,NA,NA,NA,NA,NA,NA,NA,NA,NA,NA,NA,NA,NA,NA,NA,NA,NA,NA,NA,NA
Juan Marichal,1983,BBWAA,Player,313,83.7%,16,1960,1975,10,1.2,464,1342,1221,73,202,29,2,4,75,2,5,38,269,0,20,7,71,0.165,0.191,0.202,0.393,16,1960,1975,10,61.92,243,142,0.631,2.89,471,457,11,244,52,2,3507,3153,1329,1126,320,709,82,2303,40,20,51,14236
Jud Wilson,2006,Negro League,Player,NA,NA,NA,NA,NA,NA,NA,NA,NA,NA,NA,NA,NA,NA,NA,NA,NA,NA,NA,NA,NA,NA,NA,NA,NA,NA,NA,NA,NA,NA,NA,NA,NA,NA,NA,NA,NA,NA,NA,NA,NA,NA,NA,NA,NA,NA,NA,NA,NA,NA,NA,NA,NA,NA,NA
Judy Johnson,1975,Negro League,Player,NA,NA,NA,NA,NA,NA,NA,NA,NA,NA,NA,NA,NA,NA,NA,NA,NA,NA,NA,NA,NA,NA,NA,NA,NA,NA,NA,NA,NA,NA,NA,NA,NA,NA,NA,NA,NA,NA,NA,NA,NA,NA,NA,NA,NA,NA,NA,NA,NA,NA,NA,NA,NA,NA,NA
Ken Griffey,2016,BBWAA,Player,437,99.3%,22,1989,2010,13,83.6,2671,11304,9801,1662,2781,524,38,630,1836,184,69,1312,1779,246,199,102,8,0.284,0.37,0.538,0.907,NA,NA,NA,NA,NA,NA,NA,NA,NA,NA,NA,NA,NA,NA,NA,NA,NA,NA,NA,NA,NA,NA,NA,NA,NA,NA,NA
Kid Nichols,1949,Old Timers,Player,NA,NA,15,1890,1906,0,-0.1,650,2264,2090,273,472,58,24,16,278,19,NA,137,343,NA,NA,NA,25,0.226,0.277,0.3,0.577,15,1890,1906,0,116.56,361,208,0.634,2.96,621,562,56,532,48,17,5067.1,4929,2480,1664,156,1272,NA,1881,129,1,169,21082
Kiki Cuyler,1968,Veterans,Player,NA,NA,18,1921,1938,1,46.7,1879,8100,7161,1305,2299,394,157,128,1065,328,27,676,752,NA,53,NA,176,0.321,0.386,0.474,0.86,NA,NA,NA,NA,NA,NA,NA,NA,NA,NA,NA,NA,NA,NA,NA,NA,NA,NA,NA,NA,NA,NA,NA,NA,NA,NA,NA
King Kelly,1945,Old Timers,Player,NA,NA,16,1878,1893,0,44.3,1456,6457,5896,1357,1813,359,102,69,950,368,NA,549,418,NA,NA,NA,NA,0.307,0.368,0.438,0.806,NA,NA,NA,NA,NA,NA,NA,NA,NA,NA,NA,NA,NA,NA,NA,NA,NA,NA,NA,NA,NA,NA,NA,NA,NA,NA,NA
Kirby Puckett,2001,BBWAA,Player,423,82.1%,12,1984,1995,10,50.9,1783,7831,7244,1071,2304,414,57,207,1085,134,76,450,965,85,188,58,23,0.318,0.36,0.477,0.837,NA,NA,NA,NA,NA,NA,NA,NA,NA,NA,NA,NA,NA,NA,NA,NA,NA,NA,NA,NA,NA,NA,NA,NA,NA,NA,NA
Larry Doby,1998,Veterans,Player,NA,NA,13,1947,1959,7,49.5,1533,6299,5348,960,1515,243,52,253,970,47,36,871,1011,19,97,25,20,0.283,0.386,0.49,0.876,NA,NA,NA,NA,NA,NA,NA,NA,NA,NA,NA,NA,NA,NA,NA,NA,NA,NA,NA,NA,NA,NA,NA,NA,NA,NA,NA
Lefty Gomez,1972,Veterans,Player,NA,NA,14,1930,1943,7,-4.6,368,1023,904,59,133,11,0,0,58,1,1,50,252,NA,5,NA,68,0.147,0.194,0.159,0.353,14,1930,1943,7,43.07,189,102,0.649,3.34,368,320,31,173,28,10,2503,2290,1091,930,138,1095,NA,1468,19,0,39,10729
Lefty Grove,1947,BBWAA,Player,123,76.4%,17,1925,1941,6,-6.3,619,1578,1369,119,202,27,5,15,121,1,1,105,593,NA,1,NA,103,0.148,0.209,0.207,0.417,17,1925,1941,6,109.93,300,141,0.68,3.06,616,457,123,298,35,54,3940.2,3849,1594,1339,162,1187,NA,2266,42,1,51,16622
Leon Day,1995,Veterans,Player,NA,NA,NA,NA,NA,NA,NA,NA,NA,NA,NA,NA,NA,NA,NA,NA,NA,NA,NA,NA,NA,NA,NA,NA,NA,NA,NA,NA,NA,NA,NA,NA,NA,NA,NA,NA,NA,NA,NA,NA,NA,NA,NA,NA,NA,NA,NA,NA,NA,NA,NA,NA,NA,NA,NA
Lloyd Waner,1967,Veterans,Player,NA,NA,18,1927,1945,1,24.1,1993,8334,7772,1201,2459,281,118,27,598,67,NA,420,173,NA,57,NA,108,0.316,0.353,0.393,0.747,NA,NA,NA,NA,NA,NA,NA,NA,NA,NA,NA,NA,NA,NA,NA,NA,NA,NA,NA,NA,NA,NA,NA,NA,NA,NA,NA
Lou Boudreau,1970,BBWAA,Player,232,77.3%,15,1938,1952,8,63,1646,7025,6029,861,1779,385,66,68,789,51,50,796,309,NA,155,NA,164,0.295,0.38,0.415,0.795,NA,NA,NA,NA,NA,NA,NA,NA,NA,NA,NA,NA,NA,NA,NA,NA,NA,NA,NA,NA,NA,NA,NA,NA,NA,NA,NA
Lou Brock,1985,BBWAA,Player,315,79.7%,19,1961,1979,6,45.2,2616,11240,10332,1610,3023,486,141,149,900,938,307,761,1730,124,114,46,47,0.293,0.343,0.41,0.753,NA,NA,NA,NA,NA,NA,NA,NA,NA,NA,NA,NA,NA,NA,NA,NA,NA,NA,NA,NA,NA,NA,NA,NA,NA,NA,NA
Lou Gehrig,1939,Special Election,Player,NA,NA,17,1923,1939,7,112.4,2164,9663,8001,1888,2721,534,163,493,1995,102,100,1508,790,NA,2,NA,106,0.34,0.447,0.632,1.08,NA,NA,NA,NA,NA,NA,NA,NA,NA,NA,NA,NA,NA,NA,NA,NA,NA,NA,NA,NA,NA,NA,NA,NA,NA,NA,NA
Louis Santop,2006,Negro League,Player,NA,NA,NA,NA,NA,NA,NA,NA,NA,NA,NA,NA,NA,NA,NA,NA,NA,NA,NA,NA,NA,NA,NA,NA,NA,NA,NA,NA,NA,NA,NA,NA,NA,NA,NA,NA,NA,NA,NA,NA,NA,NA,NA,NA,NA,NA,NA,NA,NA,NA,NA,NA,NA,NA,NA
Luis Aparicio,1984,BBWAA,Player,341,84.6%,18,1956,1973,13,55.7,2599,11230,10230,1335,2677,394,92,83,791,506,136,736,742,22,184,76,161,0.262,0.311,0.343,0.653,NA,NA,NA,NA,NA,NA,NA,NA,NA,NA,NA,NA,NA,NA,NA,NA,NA,NA,NA,NA,NA,NA,NA,NA,NA,NA,NA
Luke Appling,1964,Run Off,Player,189,94.0%,20,1930,1950,7,74.5,2422,10254,8856,1319,2749,440,102,45,1116,179,108,1302,528,NA,129,NA,74,0.31,0.399,0.398,0.798,NA,NA,NA,NA,NA,NA,NA,NA,NA,NA,NA,NA,NA,NA,NA,NA,NA,NA,NA,NA,NA,NA,NA,NA,NA,NA,NA
Martin Dihigo,1977,Negro League,Player,NA,NA,NA,NA,NA,NA,NA,NA,NA,NA,NA,NA,NA,NA,NA,NA,NA,NA,NA,NA,NA,NA,NA,NA,NA,NA,NA,NA,NA,NA,NA,NA,NA,NA,NA,NA,NA,NA,NA,NA,NA,NA,NA,NA,NA,NA,NA,NA,NA,NA,NA,NA,NA,NA,NA
Max Carey,1961,Veterans,Player,NA,NA,20,1910,1929,0,54.2,2476,10769,9363,1545,2665,419,159,70,802,738,109,1040,695,NA,NA,NA,290,0.285,0.361,0.386,0.747,NA,NA,NA,NA,NA,NA,NA,NA,NA,NA,NA,NA,NA,NA,NA,NA,NA,NA,NA,NA,NA,NA,NA,NA,NA,NA,NA
Mel Ott,1951,BBWAA,Player,197,87.2%,22,1926,1947,12,107.8,2730,11348,9456,1859,2876,488,72,511,1860,89,NA,1708,896,NA,82,NA,109,0.304,0.414,0.533,0.947,NA,NA,NA,NA,NA,NA,NA,NA,NA,NA,NA,NA,NA,NA,NA,NA,NA,NA,NA,NA,NA,NA,NA,NA,NA,NA,NA
Mickey Cochrane,1947,BBWAA,Player,128,79.5%,13,1925,1937,2,52.1,1482,6208,5169,1041,1652,333,64,119,830,64,45,857,217,NA,NA,NA,151,0.32,0.419,0.478,0.897,NA,NA,NA,NA,NA,NA,NA,NA,NA,NA,NA,NA,NA,NA,NA,NA,NA,NA,NA,NA,NA,NA,NA,NA,NA,NA,NA
Mickey Mantle,1974,BBWAA,Player,322,88.2%,18,1951,1968,20,109.7,2401,9907,8102,1676,2415,344,72,536,1509,153,38,1733,1710,126,113,47,14,0.298,0.421,0.557,0.977,NA,NA,NA,NA,NA,NA,NA,NA,NA,NA,NA,NA,NA,NA,NA,NA,NA,NA,NA,NA,NA,NA,NA,NA,NA,NA,NA
Mickey Welch,1973,Veterans,Player,NA,NA,13,1880,1892,0,-0.8,607,2286,2201,268,492,93,16,12,202,10,NA,82,329,NA,NA,NA,NA,0.224,0.252,0.297,0.549,13,1880,1892,0,63.83,307,210,0.594,2.71,565,549,16,525,41,4,4802,4588,2556,1447,106,1297,NA,1850,52,1,274,20308
Mike Piazza,2016,BBWAA,Player,365,83.0%,16,1992,2007,12,59.4,1912,7745,6911,1048,2127,344,8,427,1335,17,20,759,1113,146,229,45,0,0.308,0.377,0.545,0.922,NA,NA,NA,NA,NA,NA,NA,NA,NA,NA,NA,NA,NA,NA,NA,NA,NA,NA,NA,NA,NA,NA,NA,NA,NA,NA,NA
Mike Schmidt,1995,BBWAA,Player,444,96.5%,18,1972,1989,12,106.5,2404,10062,8352,1506,2234,408,59,548,1595,174,92,1507,1883,201,156,108,16,0.267,0.38,0.527,0.908,NA,NA,NA,NA,NA,NA,NA,NA,NA,NA,NA,NA,NA,NA,NA,NA,NA,NA,NA,NA,NA,NA,NA,NA,NA,NA,NA
Monte Irvin,1973,Negro League,Player,NA,NA,8,1949,1956,1,21.3,764,2893,2499,366,731,97,31,99,443,28,7,351,220,5,81,11,9,0.293,0.383,0.475,0.858,NA,NA,NA,NA,NA,NA,NA,NA,NA,NA,NA,NA,NA,NA,NA,NA,NA,NA,NA,NA,NA,NA,NA,NA,NA,NA,NA
Mordecai Brown,1949,Old Timers,Player,NA,NA,14,1903,1916,0,1.3,493,1240,1143,93,235,20,11,2,73,8,0,44,199,NA,NA,NA,49,0.206,0.236,0.248,0.483,14,1903,1916,0,55.11,239,130,0.648,2.06,481,332,138,271,55,49,3172.1,2708,1044,725,43,673,NA,1375,61,4,61,12422
Mule Suttles,2006,Negro League,Player,NA,NA,NA,NA,NA,NA,NA,NA,NA,NA,NA,NA,NA,NA,NA,NA,NA,NA,NA,NA,NA,NA,NA,NA,NA,NA,NA,NA,NA,NA,NA,NA,NA,NA,NA,NA,NA,NA,NA,NA,NA,NA,NA,NA,NA,NA,NA,NA,NA,NA,NA,NA,NA,NA,NA
Nap Lajoie,1937,BBWAA,Player,168,83.6%,21,1896,1916,0,107.4,2480,10461,9589,1504,3243,657,163,82,1599,380,26,516,347,NA,NA,NA,221,0.338,0.38,0.466,0.847,NA,NA,NA,NA,NA,NA,NA,NA,NA,NA,NA,NA,NA,NA,NA,NA,NA,NA,NA,NA,NA,NA,NA,NA,NA,NA,NA
Nellie Fox,1997,Veterans,Player,NA,NA,19,1947,1965,15,49,2367,10351,9232,1279,2663,355,112,35,790,76,80,719,216,24,175,48,208,0.288,0.348,0.363,0.71,NA,NA,NA,NA,NA,NA,NA,NA,NA,NA,NA,NA,NA,NA,NA,NA,NA,NA,NA,NA,NA,NA,NA,NA,NA,NA,NA
Nolan Ryan,1999,BBWAA,Player,491,98.8%,27,1966,1993,8,-2,427,957,852,40,94,10,2,2,36,3,3,38,371,0,11,2,65,0.11,0.148,0.134,0.282,27,1966,1993,8,83.85,324,292,0.526,3.19,807,773,13,222,61,3,5386,3923,2178,1911,321,2795,78,5714,158,33,277,22575
Old Hoss Radbourn,1939,Old Timers,Player,NA,NA,12,1880,1891,0,2.5,653,2654,2487,308,585,64,11,9,259,26,NA,158,244,NA,NA,NA,NA,0.235,0.283,0.281,0.564,12,1880,1891,0,73.51,309,194,0.614,2.68,527,502,24,488,35,3,4527.1,4328,2273,1347,118,875,NA,1830,54,0,214,18918
Orlando Cepeda,1999,Veterans,Player,NA,NA,17,1958,1974,11,50.3,2124,8698,7927,1131,2351,417,27,379,1365,142,80,588,1169,154,218,74,4,0.297,0.35,0.499,0.849,NA,NA,NA,NA,NA,NA,NA,NA,NA,NA,NA,NA,NA,NA,NA,NA,NA,NA,NA,NA,NA,NA,NA,NA,NA,NA,NA
Oscar Charleston,1976,Negro League,Player,NA,NA,NA,NA,NA,NA,NA,NA,NA,NA,NA,NA,NA,NA,NA,NA,NA,NA,NA,NA,NA,NA,NA,NA,NA,NA,NA,NA,NA,NA,NA,NA,NA,NA,NA,NA,NA,NA,NA,NA,NA,NA,NA,NA,NA,NA,NA,NA,NA,NA,NA,NA,NA,NA,NA
Ozzie Smith,2002,BBWAA,Player,433,91.7%,19,1978,1996,15,76.5,2573,10778,9396,1257,2460,402,69,28,793,580,148,1072,589,79,167,63,214,0.262,0.337,0.328,0.666,NA,NA,NA,NA,NA,NA,NA,NA,NA,NA,NA,NA,NA,NA,NA,NA,NA,NA,NA,NA,NA,NA,NA,NA,NA,NA,NA
Paul Molitor,2004,BBWAA,Player,431,85.2%,21,1978,1998,7,75.4,2683,12167,10835,1782,3319,605,114,234,1307,504,131,1094,1244,100,209,109,75,0.306,0.369,0.448,0.817,NA,NA,NA,NA,NA,NA,NA,NA,NA,NA,NA,NA,NA,NA,NA,NA,NA,NA,NA,NA,NA,NA,NA,NA,NA,NA,NA
Paul Waner,1952,BBWAA,Player,195,83.3%,20,1926,1945,4,72.8,2549,10766,9459,1627,3152,605,191,113,1309,104,0,1091,376,NA,127,NA,174,0.333,0.404,0.473,0.878,NA,NA,NA,NA,NA,NA,NA,NA,NA,NA,NA,NA,NA,NA,NA,NA,NA,NA,NA,NA,NA,NA,NA,NA,NA,NA,NA
Pedro Martinez,2015,BBWAA,Player,500,91.1%,18,1992,2009,8,-2,277,518,434,22,43,6,2,0,18,0,0,15,190,0,5,3,63,0.099,0.134,0.122,0.256,18,1992,2009,8,86.01,219,100,0.687,2.93,476,409,23,46,17,3,2827.1,2221,1006,919,239,760,30,3154,141,6,62,11394
Pee Wee Reese,1984,Veterans,Player,NA,NA,16,1940,1958,10,66.4,2166,9470,8058,1338,2170,330,80,126,885,232,45,1210,890,3,176,19,157,0.269,0.366,0.377,0.743,NA,NA,NA,NA,NA,NA,NA,NA,NA,NA,NA,NA,NA,NA,NA,NA,NA,NA,NA,NA,NA,NA,NA,NA,NA,NA,NA
Pete Alexander,1938,BBWAA,Player,212,80.9%,20,1911,1930,0,3.1,703,1978,1810,154,378,60,13,11,163,3,5,77,276,NA,NA,NA,88,0.209,0.242,0.275,0.517,20,1911,1930,0,116.98,373,208,0.642,2.56,696,600,81,436,90,32,5190,4868,1852,1476,165,951,NA,2198,70,1,38,20893
Pete Hill,2006,Negro League,Player,NA,NA,NA,NA,NA,NA,NA,NA,NA,NA,NA,NA,NA,NA,NA,NA,NA,NA,NA,NA,NA,NA,NA,NA,NA,NA,NA,NA,NA,NA,NA,NA,NA,NA,NA,NA,NA,NA,NA,NA,NA,NA,NA,NA,NA,NA,NA,NA,NA,NA,NA,NA,NA,NA,NA
Phil Niekro,1997,BBWAA,Player,380,80.3%,24,1964,1987,5,-0.8,742,1707,1537,80,260,42,1,7,109,0,1,17,314,0,35,12,129,0.169,0.183,0.211,0.395,24,1964,1987,5,97.39,318,274,0.537,3.35,864,716,83,245,45,29,5404,5044,2337,2012,482,1809,86,3342,123,42,226,22677
Phil Rizzuto,1994,Veterans,Player,NA,NA,13,1941,1956,5,40.8,1661,6719,5816,877,1588,239,62,38,563,149,58,651,398,1,107,2,193,0.273,0.351,0.355,0.706,NA,NA,NA,NA,NA,NA,NA,NA,NA,NA,NA,NA,NA,NA,NA,NA,NA,NA,NA,NA,NA,NA,NA,NA,NA,NA,NA
Pie Traynor,1948,BBWAA,Player,93,76.9%,17,1920,1937,2,36.2,1941,8297,7559,1183,2416,371,164,58,1273,158,46,472,278,NA,47,NA,231,0.32,0.362,0.435,0.797,NA,NA,NA,NA,NA,NA,NA,NA,NA,NA,NA,NA,NA,NA,NA,NA,NA,NA,NA,NA,NA,NA,NA,NA,NA,NA,NA
Pop Lloyd,1977,Negro League,Player,NA,NA,NA,NA,NA,NA,NA,NA,NA,NA,NA,NA,NA,NA,NA,NA,NA,NA,NA,NA,NA,NA,NA,NA,NA,NA,NA,NA,NA,NA,NA,NA,NA,NA,NA,NA,NA,NA,NA,NA,NA,NA,NA,NA,NA,NA,NA,NA,NA,NA,NA,NA,NA,NA,NA
Pud Galvin,1965,Veterans,Player,NA,NA,15,1875,1892,0,-9.9,731,2788,2748,278,552,87,31,5,220,23,0,38,631,NA,1,NA,NA,0.201,0.212,0.261,0.473,15,1875,1892,0,83.57,365,310,0.541,2.85,705,688,19,646,57,2,6003.1,6405,3352,1903,121,745,NA,1807,61,2,221,25415
Rabbit Maranville,1954,BBWAA,Player,209,82.9%,23,1912,1935,0,42.8,2670,11254,10078,1256,2605,380,177,28,884,291,112,839,756,NA,21,NA,300,0.258,0.318,0.34,0.658,NA,NA,NA,NA,NA,NA,NA,NA,NA,NA,NA,NA,NA,NA,NA,NA,NA,NA,NA,NA,NA,NA,NA,NA,NA,NA,NA
Ralph Kiner,1975,BBWAA,Player,273,75.4%,10,1946,1955,6,49.3,1472,6256,5205,971,1451,216,39,369,1015,22,2,1011,749,1,126,7,9,0.279,0.398,0.548,0.946,NA,NA,NA,NA,NA,NA,NA,NA,NA,NA,NA,NA,NA,NA,NA,NA,NA,NA,NA,NA,NA,NA,NA,NA,NA,NA,NA
Randy Johnson,2015,BBWAA,Player,534,97.3%,22,1988,2009,10,-2.2,273,691,625,20,78,14,0,1,40,0,0,19,296,0,10,1,44,0.125,0.153,0.152,0.305,22,1988,2009,10,104.28,303,166,0.646,3.29,618,603,7,100,37,2,4135.1,3346,1703,1513,411,1497,37,4875,190,33,109,17067
Ray Brown,2006,Negro League,Player,NA,NA,NA,NA,NA,NA,NA,NA,NA,NA,NA,NA,NA,NA,NA,NA,NA,NA,NA,NA,NA,NA,NA,NA,NA,NA,NA,NA,NA,NA,NA,NA,NA,NA,NA,NA,NA,NA,NA,NA,NA,NA,NA,NA,NA,NA,NA,NA,NA,NA,NA,NA,NA,NA,NA
Ray Dandridge,1987,Veterans,Player,NA,NA,NA,NA,NA,NA,NA,NA,NA,NA,NA,NA,NA,NA,NA,NA,NA,NA,NA,NA,NA,NA,NA,NA,NA,NA,NA,NA,NA,NA,NA,NA,NA,NA,NA,NA,NA,NA,NA,NA,NA,NA,NA,NA,NA,NA,NA,NA,NA,NA,NA,NA,NA,NA,NA
Ray Schalk,1955,Veterans,Player,NA,NA,18,1912,1929,0,28.5,1762,6239,5306,579,1345,199,49,11,593,177,69,638,358,NA,NA,NA,214,0.253,0.34,0.316,0.656,NA,NA,NA,NA,NA,NA,NA,NA,NA,NA,NA,NA,NA,NA,NA,NA,NA,NA,NA,NA,NA,NA,NA,NA,NA,NA,NA
Red Faber,1964,Veterans,Player,NA,NA,20,1914,1933,0,-3.5,670,1556,1269,98,170,21,2,3,71,7,0,169,479,NA,NA,NA,104,0.134,0.24,0.161,0.401,20,1914,1933,0,68.35,254,213,0.544,3.15,669,483,134,273,29,27,4086.2,4106,1813,1430,111,1213,NA,1471,103,2,52,17104
Red Ruffing,1967,Run Off,Player,266,86.9%,22,1924,1947,6,15,882,2084,1937,207,521,98,13,36,273,1,1,97,266,NA,13,NA,43,0.269,0.306,0.389,0.695,22,1924,1947,6,55.36,273,225,0.548,3.8,624,538,69,335,45,18,4344,4284,2115,1833,254,1541,NA,1987,58,7,46,18546
Red Schoendienst,1989,Veterans,Player,NA,NA,19,1945,1963,10,42.3,2216,9224,8479,1223,2449,427,78,84,773,89,27,606,346,15,180,19,97,0.289,0.337,0.387,0.724,NA,NA,NA,NA,NA,NA,NA,NA,NA,NA,NA,NA,NA,NA,NA,NA,NA,NA,NA,NA,NA,NA,NA,NA,NA,NA,NA
Reggie Jackson,1993,BBWAA,Player,396,93.6%,21,1967,1987,14,73.8,2820,11418,9864,1551,2584,463,49,563,1702,228,115,1375,2597,164,183,68,13,0.262,0.356,0.49,0.846,NA,NA,NA,NA,NA,NA,NA,NA,NA,NA,NA,NA,NA,NA,NA,NA,NA,NA,NA,NA,NA,NA,NA,NA,NA,NA,NA
Rich Gossage,2008,BBWAA,Player,466,85.8%,22,1972,1994,9,0.2,388,93,85,1,9,1,0,0,2,0,0,4,37,0,2,0,4,0.106,0.146,0.118,0.264,22,1972,1994,9,41.79,124,107,0.537,3.01,1002,37,681,16,0,310,1809.1,1497,670,605,119,732,90,1502,47,5,63,7507
Richie Ashburn,1995,Veterans,Player,NA,NA,15,1948,1962,6,63.6,2189,9736,8365,1322,2574,317,109,29,586,234,92,1198,571,25,83,18,112,0.308,0.396,0.382,0.778,NA,NA,NA,NA,NA,NA,NA,NA,NA,NA,NA,NA,NA,NA,NA,NA,NA,NA,NA,NA,NA,NA,NA,NA,NA,NA,NA
Rick Ferrell,1984,Veterans,Player,NA,NA,18,1929,1947,8,29.8,1884,7076,6028,687,1692,324,45,28,734,29,35,931,277,NA,55,NA,103,0.281,0.378,0.363,0.741,NA,NA,NA,NA,NA,NA,NA,NA,NA,NA,NA,NA,NA,NA,NA,NA,NA,NA,NA,NA,NA,NA,NA,NA,NA,NA,NA
Rickey Henderson,2009,BBWAA,Player,511,94.8%,25,1979,2003,10,110.8,3081,13346,10961,2295,3055,510,66,297,1115,1406,335,2190,1694,61,172,67,30,0.279,0.401,0.419,0.82,NA,NA,NA,NA,NA,NA,NA,NA,NA,NA,NA,NA,NA,NA,NA,NA,NA,NA,NA,NA,NA,NA,NA,NA,NA,NA,NA
Roberto Alomar,2011,BBWAA,Player,523,90.0%,17,1988,2004,12,66.8,2379,10400,9073,1508,2724,504,80,210,1134,474,114,1032,1140,62,206,97,148,0.3,0.371,0.443,0.814,NA,NA,NA,NA,NA,NA,NA,NA,NA,NA,NA,NA,NA,NA,NA,NA,NA,NA,NA,NA,NA,NA,NA,NA,NA,NA,NA
Roberto Clemente,1973,Special Election,Player,NA,NA,18,1955,1972,15,94.5,2433,10211,9454,1416,3000,440,166,240,1305,83,46,621,1230,167,275,66,36,0.317,0.359,0.475,0.834,NA,NA,NA,NA,NA,NA,NA,NA,NA,NA,NA,NA,NA,NA,NA,NA,NA,NA,NA,NA,NA,NA,NA,NA,NA,NA,NA
Robin Roberts,1976,BBWAA,Player,337,86.9%,19,1948,1966,7,3,688,1784,1525,107,255,55,10,5,103,3,1,135,372,0,37,6,108,0.167,0.238,0.226,0.464,19,1948,1966,7,83.08,286,245,0.539,3.41,676,609,49,305,45,25,4688.2,4582,1962,1774,505,902,69,2357,54,3,33,19174
Robin Yount,1999,BBWAA,Player,385,77.5%,20,1974,1993,3,77,2856,12249,11008,1632,3142,583,126,251,1406,271,105,966,1350,95,217,123,104,0.285,0.342,0.43,0.772,NA,NA,NA,NA,NA,NA,NA,NA,NA,NA,NA,NA,NA,NA,NA,NA,NA,NA,NA,NA,NA,NA,NA,NA,NA,NA,NA
Rod Carew,1991,BBWAA,Player,401,90.5%,19,1967,1985,18,81.1,2469,10550,9315,1424,3053,445,112,92,1015,353,187,1018,1028,144,216,64,128,0.328,0.393,0.429,0.822,NA,NA,NA,NA,NA,NA,NA,NA,NA,NA,NA,NA,NA,NA,NA,NA,NA,NA,NA,NA,NA,NA,NA,NA,NA,NA,NA
Roger Bresnahan,1945,Old Timers,Player,NA,NA,17,1897,1915,0,41,1446,5375,4481,682,1252,218,71,26,530,212,4,714,403,NA,NA,NA,112,0.279,0.386,0.377,0.764,NA,NA,NA,NA,NA,NA,NA,NA,NA,NA,NA,NA,NA,NA,NA,NA,NA,NA,NA,NA,NA,NA,NA,NA,NA,NA,NA
Roger Connor,1976,Veterans,Player,NA,NA,18,1880,1897,0,84.1,1998,8847,7797,1620,2467,441,233,138,1323,244,NA,1002,455,NA,NA,NA,9,0.316,0.397,0.486,0.883,NA,NA,NA,NA,NA,NA,NA,NA,NA,NA,NA,NA,NA,NA,NA,NA,NA,NA,NA,NA,NA,NA,NA,NA,NA,NA,NA
Rogers Hornsby,1942,BBWAA,Player,182,78.1%,23,1915,1937,0,127,2259,9480,8173,1579,2930,541,169,301,1584,135,64,1038,679,NA,3,NA,216,0.358,0.434,0.577,1.01,NA,NA,NA,NA,NA,NA,NA,NA,NA,NA,NA,NA,NA,NA,NA,NA,NA,NA,NA,NA,NA,NA,NA,NA,NA,NA,NA
Rollie Fingers,1992,BBWAA,Player,349,81.2%,17,1968,1985,7,1.1,497,201,180,10,31,3,0,2,9,0,0,3,45,0,2,0,18,0.172,0.186,0.222,0.408,17,1968,1985,7,25.03,114,118,0.491,2.9,944,37,709,4,2,341,1701.1,1474,615,549,123,492,109,1299,39,7,40,6942
Ron Santo,2012,Veterans,Player,NA,NA,15,1960,1974,9,70.4,2243,9397,8143,1138,2254,365,67,342,1331,35,41,1108,1343,94,256,94,13,0.277,0.362,0.464,0.826,NA,NA,NA,NA,NA,NA,NA,NA,NA,NA,NA,NA,NA,NA,NA,NA,NA,NA,NA,NA,NA,NA,NA,NA,NA,NA,NA
Ross Youngs,1972,Veterans,Player,NA,NA,10,1917,1926,0,32.2,1211,5336,4627,812,1491,236,93,42,592,153,83,550,390,NA,NA,NA,119,0.322,0.399,0.441,0.839,NA,NA,NA,NA,NA,NA,NA,NA,NA,NA,NA,NA,NA,NA,NA,NA,NA,NA,NA,NA,NA,NA,NA,NA,NA,NA,NA
Roy Campanella,1969,BBWAA,Player,270,79.4%,10,1948,1957,8,34.2,1215,4815,4205,627,1161,178,18,242,856,25,15,533,501,30,143,18,30,0.276,0.36,0.5,0.86,NA,NA,NA,NA,NA,NA,NA,NA,NA,NA,NA,NA,NA,NA,NA,NA,NA,NA,NA,NA,NA,NA,NA,NA,NA,NA,NA
Rube Marquard,1971,Veterans,Player,NA,NA,18,1908,1925,0,-2.3,536,1194,1107,63,198,17,3,1,66,6,2,33,208,NA,NA,NA,48,0.179,0.207,0.202,0.41,18,1908,1925,0,34.21,201,177,0.532,3.08,536,408,82,197,30,20,3306.2,3233,1443,1130,107,858,NA,1593,39,5,81,13641
Rube Waddell,1946,Old Timers,Player,NA,NA,13,1897,1910,0,-2.5,410,1137,1066,61,172,29,10,4,83,6,NA,42,300,NA,NA,NA,23,0.161,0.197,0.219,0.416,13,1897,1910,0,61.02,193,143,0.574,2.16,407,340,54,261,50,5,2961.1,2460,1063,711,37,803,NA,2316,115,3,74,11717
Ryne Sandberg,2005,BBWAA,Player,393,76.2%,16,1981,1997,10,67.5,2164,9282,8385,1318,2386,403,76,282,1061,344,107,761,1260,59,139,71,31,0.285,0.344,0.452,0.795,NA,NA,NA,NA,NA,NA,NA,NA,NA,NA,NA,NA,NA,NA,NA,NA,NA,NA,NA,NA,NA,NA,NA,NA,NA,NA,NA
Sam Crawford,1957,Veterans,Player,NA,NA,19,1899,1917,0,75.1,2517,10594,9570,1391,2961,458,309,97,1523,367,43,760,580,NA,NA,NA,241,0.309,0.362,0.452,0.814,NA,NA,NA,NA,NA,NA,NA,NA,NA,NA,NA,NA,NA,NA,NA,NA,NA,NA,NA,NA,NA,NA,NA,NA,NA,NA,NA
Sam Rice,1963,Veterans,Player,NA,NA,20,1915,1934,0,52.8,2404,10252,9269,1514,2987,498,184,34,1077,351,143,708,275,NA,NA,NA,213,0.322,0.374,0.427,0.801,NA,NA,NA,NA,NA,NA,NA,NA,NA,NA,NA,NA,NA,NA,NA,NA,NA,NA,NA,NA,NA,NA,NA,NA,NA,NA,NA
Sam Thompson,1974,Veterans,Player,NA,NA,15,1885,1906,0,44.3,1410,6525,5998,1261,1988,343,161,126,1308,232,NA,452,234,NA,NA,NA,13,0.331,0.384,0.505,0.89,NA,NA,NA,NA,NA,NA,NA,NA,NA,NA,NA,NA,NA,NA,NA,NA,NA,NA,NA,NA,NA,NA,NA,NA,NA,NA,NA
Sandy Koufax,1972,BBWAA,Player,344,86.9%,12,1955,1966,7,-4.2,397,858,776,26,75,9,0,2,28,0,1,43,386,0,10,3,35,0.097,0.145,0.116,0.261,12,1955,1966,7,53.17,165,87,0.655,2.76,397,314,44,137,40,9,2324.1,1754,806,713,204,817,48,2396,18,7,87,9497
Satchel Paige,1971,Negro League,Player,NA,NA,6,1948,1965,2,-1.2,179,135,124,2,12,0,0,0,4,0,0,3,32,0,5,0,8,0.097,0.118,0.097,0.215,6,1948,1965,2,10.25,28,31,0.475,3.29,179,26,109,7,4,33,476,429,191,174,29,180,0,288,7,5,6,2002
Smokey Joe Williams,1999,Veterans,Player,NA,NA,NA,NA,NA,NA,NA,NA,NA,NA,NA,NA,NA,NA,NA,NA,NA,NA,NA,NA,NA,NA,NA,NA,NA,NA,NA,NA,NA,NA,NA,NA,NA,NA,NA,NA,NA,NA,NA,NA,NA,NA,NA,NA,NA,NA,NA,NA,NA,NA,NA,NA,NA,NA,NA
Stan Coveleski,1969,Veterans,Player,NA,NA,14,1912,1928,0,-5,451,1196,1058,70,168,26,10,1,81,0,1,53,309,NA,NA,NA,72,0.159,0.202,0.205,0.407,14,1912,1928,0,65.21,215,142,0.602,2.89,450,385,52,223,38,21,3082,3055,1227,990,66,802,NA,981,30,1,35,12729
Stan Musial,1969,BBWAA,Player,317,93.2%,22,1941,1963,24,128.1,3026,12718,10972,1949,3630,725,177,475,1951,78,31,1599,696,127,243,53,35,0.331,0.417,0.559,0.976,NA,NA,NA,NA,NA,NA,NA,NA,NA,NA,NA,NA,NA,NA,NA,NA,NA,NA,NA,NA,NA,NA,NA,NA,NA,NA,NA
Steve Carlton,1994,BBWAA,Player,436,95.6%,24,1965,1988,10,6.3,699,1881,1719,123,346,49,6,13,140,2,2,41,413,0,33,13,94,0.201,0.223,0.259,0.482,24,1965,1988,10,84.13,329,244,0.574,3.22,741,709,13,254,55,2,5217.2,4672,2130,1864,414,1833,150,4136,53,90,183,21683
Ted Lyons,1955,BBWAA,Player,217,86.5%,21,1923,1946,1,4.4,705,1726,1563,162,364,49,9,5,149,0,1,73,201,NA,9,NA,83,0.233,0.27,0.285,0.556,21,1923,1946,1,67.15,260,230,0.531,3.67,594,484,91,356,27,25,4161,4489,2056,1696,222,1121,NA,1073,31,6,55,17797
Ted Williams,1966,BBWAA,Player,282,93.4%,19,1939,1960,19,123.1,2292,9788,7706,1798,2654,525,71,521,1839,24,17,2021,709,86,197,20,5,0.344,0.482,0.634,1.116,NA,NA,NA,NA,NA,NA,NA,NA,NA,NA,NA,NA,NA,NA,NA,NA,NA,NA,NA,NA,NA,NA,NA,NA,NA,NA,NA
Tim Keefe,1964,Veterans,Player,NA,NA,14,1880,1893,0,-2.2,618,2262,2083,248,390,60,38,12,134,13,NA,175,411,NA,NA,NA,NA,0.187,0.252,0.27,0.521,14,1880,1893,0,88.89,342,225,0.603,2.63,600,594,7,554,39,2,5049.2,4438,2470,1474,75,1233,NA,2564,98,0,240,20941
Tim Raines,2017,BBWAA,Player,380,86.0%,23,1979,2002,7,69.1,2502,10359,8872,1571,2605,430,113,170,980,808,146,1330,966,148,142,76,39,0.294,0.385,0.425,0.81,NA,NA,NA,NA,NA,NA,NA,NA,NA,NA,NA,NA,NA,NA,NA,NA,NA,NA,NA,NA,NA,NA,NA,NA,NA,NA,NA
Tom Glavine,2014,BBWAA,Player,525,91.9%,22,1987,2008,10,7.5,688,1645,1323,93,246,25,2,1,90,1,0,101,329,0,14,3,216,0.186,0.244,0.21,0.454,22,1987,2008,10,73.97,305,203,0.6,3.54,682,682,0,56,25,0,4413.1,4298,1900,1734,356,1500,145,2607,66,7,65,18604
Tom Seaver,1992,BBWAA,Player,425,98.8%,20,1967,1986,12,4.2,582,1552,1315,99,202,28,5,12,86,4,0,108,485,0,22,4,121,0.154,0.219,0.21,0.429,20,1967,1986,12,106.26,311,205,0.603,2.86,656,647,6,231,61,1,4783,3971,1674,1521,380,1390,116,3640,76,8,126,19369
Tommy McCarthy,1946,Old Timers,Player,NA,NA,13,1884,1896,0,16.2,1273,5739,5120,1066,1493,191,53,44,732,468,NA,536,185,NA,NA,NA,33,0.292,0.364,0.375,0.74,NA,NA,NA,NA,NA,NA,NA,NA,NA,NA,NA,NA,NA,NA,NA,NA,NA,NA,NA,NA,NA,NA,NA,NA,NA,NA,NA
Tony Gwynn,2007,BBWAA,Player,532,97.6%,20,1982,2001,15,68.8,2440,10232,9288,1383,3141,543,85,135,1138,319,125,790,434,203,259,85,45,0.338,0.388,0.459,0.847,NA,NA,NA,NA,NA,NA,NA,NA,NA,NA,NA,NA,NA,NA,NA,NA,NA,NA,NA,NA,NA,NA,NA,NA,NA,NA,NA
Tony Lazzeri,1991,Veterans,Player,NA,NA,14,1926,1939,1,49.9,1740,7315,6297,986,1840,334,115,178,1194,148,79,869,864,NA,8,NA,116,0.292,0.38,0.467,0.846,NA,NA,NA,NA,NA,NA,NA,NA,NA,NA,NA,NA,NA,NA,NA,NA,NA,NA,NA,NA,NA,NA,NA,NA,NA,NA,NA
Tony Perez,2000,BBWAA,Player,385,77.2%,23,1964,1986,7,53.9,2777,10861,9778,1272,2732,505,79,379,1652,49,33,925,1867,150,268,106,9,0.279,0.341,0.463,0.804,NA,NA,NA,NA,NA,NA,NA,NA,NA,NA,NA,NA,NA,NA,NA,NA,NA,NA,NA,NA,NA,NA,NA,NA,NA,NA,NA
Travis Jackson,1982,Veterans,Player,NA,NA,15,1922,1936,1,44,1656,6681,6086,833,1768,291,86,135,929,71,13,412,565,NA,39,NA,171,0.291,0.337,0.433,0.77,NA,NA,NA,NA,NA,NA,NA,NA,NA,NA,NA,NA,NA,NA,NA,NA,NA,NA,NA,NA,NA,NA,NA,NA,NA,NA,NA
Trevor Hoffman,2018,BBWAA,Player,337,79.9%,18,1993,2010,7,0.3,1007,36,34,1,4,2,0,0,5,0,0,0,11,0,0,0,2,0.118,0.118,0.176,0.294,18,1993,2010,7,28.02,61,75,0.449,2.87,1035,0,856,0,0,601,1089.1,846,378,347,100,307,58,1133,9,0,49,4388
Tris Speaker,1937,BBWAA,Player,165,82.1%,22,1907,1928,0,133.7,2789,11995,10195,1882,3514,792,222,117,1531,436,157,1381,393,NA,NA,NA,309,0.345,0.428,0.5,0.928,NA,NA,NA,NA,NA,NA,NA,NA,NA,NA,NA,NA,NA,NA,NA,NA,NA,NA,NA,NA,NA,NA,NA,NA,NA,NA,NA
Turkey Stearnes,2000,Veterans,Player,NA,NA,NA,NA,NA,NA,NA,NA,NA,NA,NA,NA,NA,NA,NA,NA,NA,NA,NA,NA,NA,NA,NA,NA,NA,NA,NA,NA,NA,NA,NA,NA,NA,NA,NA,NA,NA,NA,NA,NA,NA,NA,NA,NA,NA,NA,NA,NA,NA,NA,NA,NA,NA,NA,NA
Ty Cobb,1936,BBWAA,Player,222,98.2%,24,1905,1928,0,151,3034,13087,11434,2244,4189,724,295,117,1944,897,212,1249,680,NA,NA,NA,291,0.366,0.433,0.512,0.945,NA,NA,NA,NA,NA,NA,NA,NA,NA,NA,NA,NA,NA,NA,NA,NA,NA,NA,NA,NA,NA,NA,NA,NA,NA,NA,NA
Vic Willis,1995,Veterans,Player,NA,NA,13,1898,1910,0,-3.6,531,1623,1493,107,248,19,4,1,84,3,NA,81,199,NA,NA,NA,41,0.166,0.213,0.186,0.399,13,1898,1910,0,67.1,249,205,0.548,2.63,513,471,41,388,50,11,3996,3621,1620,1167,66,1212,NA,1651,156,6,94,16263
Vladimir Guerrero,2018,BBWAA,Player,392,92.9%,16,1996,2011,9,59.3,2147,9059,8155,1328,2590,477,46,449,1496,181,94,737,985,250,277,64,0,0.318,0.379,0.553,0.931,NA,NA,NA,NA,NA,NA,NA,NA,NA,NA,NA,NA,NA,NA,NA,NA,NA,NA,NA,NA,NA,NA,NA,NA,NA,NA,NA
Wade Boggs,2005,BBWAA,Player,474,91.9%,18,1982,1999,12,91.1,2439,10740,9180,1513,3010,578,61,118,1014,24,35,1412,745,180,236,96,29,0.328,0.415,0.443,0.858,NA,NA,NA,NA,NA,NA,NA,NA,NA,NA,NA,NA,NA,NA,NA,NA,NA,NA,NA,NA,NA,NA,NA,NA,NA,NA,NA
Waite Hoyt,1969,Veterans,Player,NA,NA,21,1918,1938,0,-1.5,674,1422,1287,96,255,26,11,0,100,0,1,40,161,NA,10,NA,91,0.198,0.223,0.235,0.458,21,1918,1938,0,53.34,237,182,0.566,3.59,674,425,172,226,26,53,3762.1,4037,1780,1500,154,1003,NA,1206,49,5,39,16010
Walter Johnson,1936,BBWAA,Player,189,83.6%,21,1907,1927,0,13.3,934,2525,2324,241,547,94,41,24,255,13,4,110,419,NA,NA,NA,70,0.235,0.274,0.342,0.616,21,1907,1927,0,152.33,417,279,0.599,2.17,802,666,127,531,110,34,5914.1,4913,1902,1424,97,1363,NA,3509,205,4,154,23405
Warren Spahn,1973,BBWAA,Player,316,83.2%,21,1942,1965,17,7.6,783,2056,1872,141,363,57,6,35,189,4,2,94,487,0,23,14,68,0.194,0.234,0.287,0.52,21,1942,1965,17,92.58,363,245,0.597,3.09,750,665,67,382,63,28,5243.2,4830,2016,1798,434,1434,60,2583,42,5,81,21547
Whitey Ford,1974,BBWAA,Player,284,77.8%,16,1950,1967,10,3.5,500,1207,1023,91,177,19,0,3,69,3,2,113,224,0,10,4,65,0.173,0.256,0.2,0.457,16,1950,1967,10,53.89,236,106,0.69,2.75,498,438,35,156,45,11,3170.1,2766,1107,967,228,1086,44,1956,28,5,75,13036
Willard Brown,2006,Negro League,Player,NA,NA,1,1947,1947,0,-0.7,21,67,67,4,12,3,0,1,6,2,2,0,7,NA,2,NA,0,0.179,0.179,0.269,0.448,NA,NA,NA,NA,NA,NA,NA,NA,NA,NA,NA,NA,NA,NA,NA,NA,NA,NA,NA,NA,NA,NA,NA,NA,NA,NA,NA
Willie Keeler,1939,BBWAA,Player,207,75.5%,19,1892,1910,0,54,2123,9610,8591,1719,2932,241,145,33,810,495,NA,524,136,NA,NA,NA,366,0.341,0.388,0.415,0.802,NA,NA,NA,NA,NA,NA,NA,NA,NA,NA,NA,NA,NA,NA,NA,NA,NA,NA,NA,NA,NA,NA,NA,NA,NA,NA,NA
Willie Mays,1979,BBWAA,Player,409,94.7%,22,1951,1973,24,156.2,2992,12496,10881,2062,3283,523,140,660,1903,338,103,1464,1526,192,251,91,13,0.302,0.384,0.557,0.941,NA,NA,NA,NA,NA,NA,NA,NA,NA,NA,NA,NA,NA,NA,NA,NA,NA,NA,NA,NA,NA,NA,NA,NA,NA,NA,NA
Willie McCovey,1986,BBWAA,Player,346,81.4%,22,1959,1980,6,64.4,2588,9692,8197,1229,2211,353,46,521,1555,26,22,1345,1550,260,176,70,5,0.27,0.374,0.515,0.889,NA,NA,NA,NA,NA,NA,NA,NA,NA,NA,NA,NA,NA,NA,NA,NA,NA,NA,NA,NA,NA,NA,NA,NA,NA,NA,NA
Willie Stargell,1988,BBWAA,Player,352,82.4%,21,1962,1982,7,57.5,2360,9027,7927,1194,2232,423,55,475,1540,17,16,937,1936,227,143,75,9,0.282,0.36,0.529,0.889,NA,NA,NA,NA,NA,NA,NA,NA,NA,NA,NA,NA,NA,NA,NA,NA,NA,NA,NA,NA,NA,NA,NA,NA,NA,NA,NA
Willie Wells,1997,Veterans,Player,NA,NA,NA,NA,NA,NA,NA,NA,NA,NA,NA,NA,NA,NA,NA,NA,NA,NA,NA,NA,NA,NA,NA,NA,NA,NA,NA,NA,NA,NA,NA,NA,NA,NA,NA,NA,NA,NA,NA,NA,NA,NA,NA,NA,NA,NA,NA,NA,NA,NA,NA,NA,NA,NA,NA
Yogi Berra,1972,BBWAA,Player,339,85.6%,19,1946,1965,18,59.5,2120,8359,7555,1175,2150,321,49,358,1430,30,26,704,414,49,146,44,9,0.285,0.348,0.482,0.83,NA,NA,NA,NA,NA,NA,NA,NA,NA,NA,NA,NA,NA,NA,NA,NA,NA,NA,NA,NA,NA,NA,NA,NA,NA,NA,NA
Zack Wheat,1959,Veterans,Player,NA,NA,19,1909,1927,0,60.2,2410,10000,9106,1289,2884,476,172,132,1248,205,69,650,572,NA,NA,NA,163,0.317,0.367,0.45,0.817,NA,NA,NA,NA,NA,NA,NA,NA,NA,NA,NA,NA,NA,NA,NA,NA,NA,NA,NA,NA,NA,NA,NA,NA,NA,NA,NA
